Scale,BPM,Melody Instrument,Chord Instrument,Progression,Note 1,Octave 1,Duration 1,Note 2,Octave 2,Duration 2,Note 3,Octave 3,Duration 3,Note 4,Octave 4,Duration 4,Note 5,Octave 5,Duration 5,Note 6,Octave 6,Duration 6,Note 7,Octave 7,Duration 7,Note 8,Octave 8,Duration 8,Note 9,Octave 9,Duration 9,Note 10,Octave 10,Duration 10,Note 11,Octave 11,Duration 11,Note 12,Octave 12,Duration 12,Note 13,Octave 13,Duration 13,Note 14,Octave 14,Duration 14,Note 15,Octave 15,Duration 15,Note 16,Octave 16,Duration 16,Note 17,Octave 17,Duration 17,Note 18,Octave 18,Duration 18,Note 19,Octave 19,Duration 19,Note 20,Octave 20,Duration 20,Note 21,Octave 21,Duration 21,Note 22,Octave 22,Duration 22,Note 23,Octave 23,Duration 23,Note 24,Octave 24,Duration 24,Note 25,Octave 25,Duration 25,Note 26,Octave 26,Duration 26,Note 27,Octave 27,Duration 27,Note 28,Octave 28,Duration 28,Note 29,Octave 29,Duration 29,Note 30,Octave 30,Duration 30,Note 31,Octave 31,Duration 31,Note 32,Octave 32,Duration 32,UserInput
b,149,Violin,Organ,i-VI-iv-v,3,4,6,7,4,4,1,4,9,7,4,7,5,5,8,0,5,1,5,5,5,3,4,4,3,5,4,5,4,4,5,4,8,6,4,0,6,4,7,3,4,3,4,4,1,5,4,6,-1,-1,-1,-1,-1,-1,-1,-1,-1,-1,-1,-1,-1,-1,-1,-1,-1,-1,-1,-1,-1,-1,-1,-1,-1,-1,-1,-1,-1,-1,-1,-1,-1,-1,-1,-1,-1,-1,-1,-1,-1,-1,-1,-1,-1,-1,-1,-1,3
D#,119,Piano,Sitar,I-IV-V-I,3,5,6,0,4,6,0,4,8,5,5,7,7,5,7,4,5,6,1,4,3,6,5,4,7,4,7,4,4,9,0,4,1,6,5,3,7,5,3,3,4,6,4,5,4,-1,-1,-1,-1,-1,-1,-1,-1,-1,-1,-1,-1,-1,-1,-1,-1,-1,-1,-1,-1,-1,-1,-1,-1,-1,-1,-1,-1,-1,-1,-1,-1,-1,-1,-1,-1,-1,-1,-1,-1,-1,-1,-1,-1,-1,-1,-1,-1,-1,-1,-1,2
c#,128,Violin,Sitar,i-VII-VI-VII,2,4,5,2,5,6,1,4,0,2,4,2,6,4,8,1,4,2,0,4,5,7,5,6,0,5,7,6,5,7,6,4,5,4,5,5,2,4,3,5,4,4,4,5,8,1,4,1,3,5,5,-1,-1,-1,-1,-1,-1,-1,-1,-1,-1,-1,-1,-1,-1,-1,-1,-1,-1,-1,-1,-1,-1,-1,-1,-1,-1,-1,-1,-1,-1,-1,-1,-1,-1,-1,-1,-1,-1,-1,-1,-1,-1,-1,-1,-1,4
c#,199,Violin,Organ,i-iv-v-i,0,5,5,7,4,5,1,5,3,5,4,8,2,4,4,3,5,9,0,5,1,3,4,5,5,5,9,2,4,2,0,5,6,3,4,3,6,5,5,0,5,7,-1,-1,-1,-1,-1,-1,-1,-1,-1,-1,-1,-1,-1,-1,-1,-1,-1,-1,-1,-1,-1,-1,-1,-1,-1,-1,-1,-1,-1,-1,-1,-1,-1,-1,-1,-1,-1,-1,-1,-1,-1,-1,-1,-1,-1,-1,-1,-1,-1,-1,-1,-1,-1,-1,1
f#,141,Saxophone,Electric Guitar,i-iv-v-i,5,4,3,3,4,5,2,5,3,7,4,1,3,5,9,3,4,6,5,5,8,6,5,9,6,5,2,0,5,6,6,5,5,4,5,9,-1,-1,-1,-1,-1,-1,-1,-1,-1,-1,-1,-1,-1,-1,-1,-1,-1,-1,-1,-1,-1,-1,-1,-1,-1,-1,-1,-1,-1,-1,-1,-1,-1,-1,-1,-1,-1,-1,-1,-1,-1,-1,-1,-1,-1,-1,-1,-1,-1,-1,-1,-1,-1,-1,-1,-1,-1,-1,-1,-1,1
d,135,Mezzo-Soprano,Acoustic Guitar,i-VI-III-VII,6,4,7,3,5,2,4,4,3,0,4,4,4,4,4,7,4,7,0,5,9,2,4,7,6,4,1,6,4,0,2,5,6,7,4,4,6,5,2,5,5,3,5,4,9,5,4,3,-1,-1,-1,-1,-1,-1,-1,-1,-1,-1,-1,-1,-1,-1,-1,-1,-1,-1,-1,-1,-1,-1,-1,-1,-1,-1,-1,-1,-1,-1,-1,-1,-1,-1,-1,-1,-1,-1,-1,-1,-1,-1,-1,-1,-1,-1,-1,-1,1
E,130,Electric Guitar,Acoustic Guitar,I-V-IV-V,6,5,4,0,4,2,3,5,3,5,4,9,7,4,0,0,4,2,6,5,5,1,4,0,2,4,1,5,4,1,5,5,7,1,5,1,4,4,5,0,5,6,5,5,6,5,5,3,2,4,9,3,4,4,5,5,1,-1,-1,-1,-1,-1,-1,-1,-1,-1,-1,-1,-1,-1,-1,-1,-1,-1,-1,-1,-1,-1,-1,-1,-1,-1,-1,-1,-1,-1,-1,-1,-1,-1,-1,-1,-1,-1,-1,-1,2
c#,176,Piano,Piano,i-v-i-iv,7,4,1,5,4,0,6,5,3,2,4,4,5,4,6,1,4,2,6,5,7,0,4,1,5,5,5,4,4,8,5,4,3,5,5,2,0,4,2,7,4,1,2,4,8,2,4,1,4,5,5,0,4,2,1,4,4,6,4,7,1,4,8,-1,-1,-1,-1,-1,-1,-1,-1,-1,-1,-1,-1,-1,-1,-1,-1,-1,-1,-1,-1,-1,-1,-1,-1,-1,-1,-1,-1,-1,-1,-1,-1,-1,3
G,147,Clarinet,Piano,I-vi-ii-V,6,4,3,5,5,5,0,5,4,0,4,8,1,5,9,1,5,8,2,5,5,0,5,3,7,5,2,7,4,6,5,4,8,2,4,1,4,5,7,5,5,0,-1,-1,-1,-1,-1,-1,-1,-1,-1,-1,-1,-1,-1,-1,-1,-1,-1,-1,-1,-1,-1,-1,-1,-1,-1,-1,-1,-1,-1,-1,-1,-1,-1,-1,-1,-1,-1,-1,-1,-1,-1,-1,-1,-1,-1,-1,-1,-1,-1,-1,-1,-1,-1,-1,3
C#,195,Electric Guitar,Piano,I-vi-IV-V,4,4,1,7,4,9,5,4,1,5,5,0,2,5,1,4,4,7,4,4,9,3,5,0,0,5,2,4,5,4,7,5,8,5,5,3,2,4,1,5,5,2,7,4,8,0,5,6,-1,-1,-1,-1,-1,-1,-1,-1,-1,-1,-1,-1,-1,-1,-1,-1,-1,-1,-1,-1,-1,-1,-1,-1,-1,-1,-1,-1,-1,-1,-1,-1,-1,-1,-1,-1,-1,-1,-1,-1,-1,-1,-1,-1,-1,-1,-1,-1,3
C,201,Violin,Sitar,I-IV-I-V,4,4,7,7,5,9,1,5,4,3,5,7,2,4,8,5,4,8,6,4,5,0,5,4,1,5,1,3,5,7,7,4,1,0,5,2,0,5,7,-1,-1,-1,-1,-1,-1,-1,-1,-1,-1,-1,-1,-1,-1,-1,-1,-1,-1,-1,-1,-1,-1,-1,-1,-1,-1,-1,-1,-1,-1,-1,-1,-1,-1,-1,-1,-1,-1,-1,-1,-1,-1,-1,-1,-1,-1,-1,-1,-1,-1,-1,-1,-1,-1,-1,-1,-1,1
F#,213,Piano,Acoustic Guitar,I-IV-I-V,3,5,7,2,4,9,7,5,9,2,5,9,1,4,3,3,4,1,7,4,6,1,5,1,2,5,8,6,5,5,5,5,5,-1,-1,-1,-1,-1,-1,-1,-1,-1,-1,-1,-1,-1,-1,-1,-1,-1,-1,-1,-1,-1,-1,-1,-1,-1,-1,-1,-1,-1,-1,-1,-1,-1,-1,-1,-1,-1,-1,-1,-1,-1,-1,-1,-1,-1,-1,-1,-1,-1,-1,-1,-1,-1,-1,-1,-1,-1,-1,-1,-1,-1,-1,-1,1
g#,156,Saxophone,Organ,i-VI-iv-v,6,5,3,7,5,8,2,4,5,6,4,0,6,4,5,0,4,7,5,5,1,3,5,7,5,5,7,1,4,2,4,5,8,3,4,0,1,4,9,7,5,6,-1,-1,-1,-1,-1,-1,-1,-1,-1,-1,-1,-1,-1,-1,-1,-1,-1,-1,-1,-1,-1,-1,-1,-1,-1,-1,-1,-1,-1,-1,-1,-1,-1,-1,-1,-1,-1,-1,-1,-1,-1,-1,-1,-1,-1,-1,-1,-1,-1,-1,-1,-1,-1,-1,1
g,214,Xylophone,Acoustic Guitar,i-VI-iv-v,0,5,7,7,4,9,3,5,9,7,4,5,3,4,5,7,4,2,1,4,8,4,5,8,5,4,9,-1,-1,-1,-1,-1,-1,-1,-1,-1,-1,-1,-1,-1,-1,-1,-1,-1,-1,-1,-1,-1,-1,-1,-1,-1,-1,-1,-1,-1,-1,-1,-1,-1,-1,-1,-1,-1,-1,-1,-1,-1,-1,-1,-1,-1,-1,-1,-1,-1,-1,-1,-1,-1,-1,-1,-1,-1,-1,-1,-1,-1,-1,-1,-1,-1,-1,-1,-1,-1,4
B,168,Saxophone,Electric Guitar,I-IV-vi-V,0,4,7,6,4,9,7,4,4,7,4,8,0,4,6,0,5,7,7,4,6,5,5,3,7,4,1,5,5,9,7,5,7,6,5,4,-1,-1,-1,-1,-1,-1,-1,-1,-1,-1,-1,-1,-1,-1,-1,-1,-1,-1,-1,-1,-1,-1,-1,-1,-1,-1,-1,-1,-1,-1,-1,-1,-1,-1,-1,-1,-1,-1,-1,-1,-1,-1,-1,-1,-1,-1,-1,-1,-1,-1,-1,-1,-1,-1,-1,-1,-1,-1,-1,-1,2
A,115,Electric Guitar,Electric Guitar,I-ii-V-I,6,4,8,7,5,9,3,4,4,5,4,3,7,4,4,5,5,2,4,4,7,5,4,5,4,4,1,2,5,2,7,4,5,3,5,6,3,5,0,0,5,2,2,5,5,3,5,7,3,4,8,-1,-1,-1,-1,-1,-1,-1,-1,-1,-1,-1,-1,-1,-1,-1,-1,-1,-1,-1,-1,-1,-1,-1,-1,-1,-1,-1,-1,-1,-1,-1,-1,-1,-1,-1,-1,-1,-1,-1,-1,-1,-1,-1,-1,-1,4
G#,169,Xylophone,Sitar,I-IV-V-I,4,4,2,6,5,3,7,4,3,6,4,5,7,5,8,2,5,0,2,5,1,6,4,8,0,4,4,7,4,3,3,4,4,7,4,5,3,5,1,0,5,6,5,5,8,7,5,0,3,4,5,7,5,4,4,4,6,5,4,3,-1,-1,-1,-1,-1,-1,-1,-1,-1,-1,-1,-1,-1,-1,-1,-1,-1,-1,-1,-1,-1,-1,-1,-1,-1,-1,-1,-1,-1,-1,-1,-1,-1,-1,-1,-1,5
D,147,Mezzo-Soprano,Sitar,I-IV-I-V,2,4,1,2,5,2,3,4,1,2,5,3,1,4,8,7,4,4,0,4,4,5,5,7,5,4,6,7,5,8,2,4,1,0,4,3,1,5,5,7,5,6,6,4,1,1,4,8,5,5,9,-1,-1,-1,-1,-1,-1,-1,-1,-1,-1,-1,-1,-1,-1,-1,-1,-1,-1,-1,-1,-1,-1,-1,-1,-1,-1,-1,-1,-1,-1,-1,-1,-1,-1,-1,-1,-1,-1,-1,-1,-1,-1,-1,-1,-1,4
d,165,Clarinet,Electric Guitar,i-iio-v-i,6,5,0,0,5,6,5,4,1,0,5,0,5,5,5,7,4,4,0,5,8,6,4,4,0,4,6,2,5,6,4,5,7,4,4,3,0,5,6,1,5,7,6,5,9,1,4,9,-1,-1,-1,-1,-1,-1,-1,-1,-1,-1,-1,-1,-1,-1,-1,-1,-1,-1,-1,-1,-1,-1,-1,-1,-1,-1,-1,-1,-1,-1,-1,-1,-1,-1,-1,-1,-1,-1,-1,-1,-1,-1,-1,-1,-1,-1,-1,-1,2
E,196,Electric Guitar,Sitar,I-V-IV-V,2,4,9,4,5,3,0,4,8,7,5,6,2,5,1,1,4,3,3,4,6,4,4,2,2,4,6,6,4,1,6,5,3,5,4,0,7,4,9,0,4,9,-1,-1,-1,-1,-1,-1,-1,-1,-1,-1,-1,-1,-1,-1,-1,-1,-1,-1,-1,-1,-1,-1,-1,-1,-1,-1,-1,-1,-1,-1,-1,-1,-1,-1,-1,-1,-1,-1,-1,-1,-1,-1,-1,-1,-1,-1,-1,-1,-1,-1,-1,-1,-1,-1,1
D,135,Electric Guitar,Acoustic Guitar,I-V-vi-IV,6,5,7,3,5,2,4,4,2,5,4,4,4,4,0,0,4,2,6,5,9,1,4,7,2,4,1,4,4,1,5,5,7,1,5,1,4,4,5,4,5,6,5,4,6,5,5,3,0,4,9,-1,-1,-1,-1,-1,-1,-1,-1,-1,-1,-1,-1,-1,-1,-1,-1,-1,-1,-1,-1,-1,-1,-1,-1,-1,-1,-1,-1,-1,-1,-1,-1,-1,-1,-1,-1,-1,-1,-1,-1,-1,-1,-1,-1,-1,3
E,130,Electric Guitar,Acoustic Guitar,I-V-IV-V,4,4,7,7,4,9,3,5,3,3,5,7,6,4,0,5,4,8,6,4,5,0,5,0,1,5,1,3,4,1,5,4,7,1,5,2,0,5,5,0,5,1,4,5,6,1,5,3,5,4,9,-1,-1,-1,-1,-1,-1,-1,-1,-1,-1,-1,-1,-1,-1,-1,-1,-1,-1,-1,-1,-1,-1,-1,-1,-1,-1,-1,-1,-1,-1,-1,-1,-1,-1,-1,-1,-1,-1,-1,-1,-1,-1,-1,-1,-1,1
c#,201,Violin,Sitar,i-iv-VII-III,3,4,7,7,4,5,1,5,4,5,4,7,2,4,8,3,4,9,0,4,5,0,4,5,0,5,9,2,4,2,0,5,6,-1,-1,-1,-1,-1,-1,-1,-1,-1,-1,-1,-1,-1,-1,-1,-1,-1,-1,-1,-1,-1,-1,-1,-1,-1,-1,-1,-1,-1,-1,-1,-1,-1,-1,-1,-1,-1,-1,-1,-1,-1,-1,-1,-1,-1,-1,-1,-1,-1,-1,-1,-1,-1,-1,-1,-1,-1,-1,-1,-1,-1,-1,-1,4
g#,199,Violin,Organ,i-VI-iv-v,6,5,3,7,4,8,2,4,3,6,4,0,2,4,4,3,4,9,0,5,1,3,4,5,5,5,7,1,4,2,4,5,8,3,4,0,6,5,9,0,5,7,-1,-1,-1,-1,-1,-1,-1,-1,-1,-1,-1,-1,-1,-1,-1,-1,-1,-1,-1,-1,-1,-1,-1,-1,-1,-1,-1,-1,-1,-1,-1,-1,-1,-1,-1,-1,-1,-1,-1,-1,-1,-1,-1,-1,-1,-1,-1,-1,-1,-1,-1,-1,-1,-1,4
g#,156,Saxophone,Organ,i-VI-III-VII,6,4,7,7,5,2,4,4,3,0,4,4,6,4,5,0,4,7,0,4,0,2,4,7,5,4,7,6,4,2,4,5,6,3,4,4,1,4,2,5,5,6,5,5,5,5,4,2,2,5,7,3,4,9,-1,-1,-1,-1,-1,-1,-1,-1,-1,-1,-1,-1,-1,-1,-1,-1,-1,-1,-1,-1,-1,-1,-1,-1,-1,-1,-1,-1,-1,-1,-1,-1,-1,-1,-1,-1,-1,-1,-1,-1,-1,-1,4
E,130,Mezzo-Soprano,Acoustic Guitar,I-V-vi-IV,6,4,4,3,5,2,3,4,3,0,4,4,7,4,4,0,4,2,0,5,9,2,4,0,2,4,1,6,4,1,5,5,6,7,5,1,4,5,5,5,5,6,5,5,6,5,4,3,0,4,7,3,4,4,4,4,5,1,5,4,4,4,3,5,4,0,5,4,5,-1,-1,-1,-1,-1,-1,-1,-1,-1,-1,-1,-1,-1,-1,-1,-1,-1,-1,-1,-1,-1,-1,-1,-1,-1,-1,-1,4
E,201,Violin,Acoustic Guitar,I-V-IV-V,6,4,3,0,4,2,1,5,4,5,4,9,2,4,8,5,4,8,6,4,5,0,5,4,2,5,1,3,4,1,7,5,1,0,4,2,4,4,7,0,5,6,5,4,3,5,5,3,5,4,1,3,4,4,5,5,6,-1,-1,-1,-1,-1,-1,-1,-1,-1,-1,-1,-1,-1,-1,-1,-1,-1,-1,-1,-1,-1,-1,-1,-1,-1,-1,-1,-1,-1,-1,-1,-1,-1,-1,-1,-1,-1,-1,-1,4
c#,201,Violin,Organ,i-iv-v-i,0,5,7,7,5,9,0,5,3,3,4,7,2,4,4,5,4,8,0,4,5,0,5,5,1,5,1,3,5,2,0,5,1,3,5,3,0,5,5,0,5,6,6,5,2,3,4,1,5,4,1,4,5,1,4,5,0,-1,-1,-1,-1,-1,-1,-1,-1,-1,-1,-1,-1,-1,-1,-1,-1,-1,-1,-1,-1,-1,-1,-1,-1,-1,-1,-1,-1,-1,-1,-1,-1,-1,-1,-1,-1,-1,-1,-1,2
c#,199,Saxophone,Organ,i-iv-v-i,6,5,5,7,4,8,2,4,5,5,4,8,6,4,5,3,5,9,0,5,1,3,5,5,4,5,9,2,4,2,0,5,6,3,4,3,-1,-1,-1,-1,-1,-1,-1,-1,-1,-1,-1,-1,-1,-1,-1,-1,-1,-1,-1,-1,-1,-1,-1,-1,-1,-1,-1,-1,-1,-1,-1,-1,-1,-1,-1,-1,-1,-1,-1,-1,-1,-1,-1,-1,-1,-1,-1,-1,-1,-1,-1,-1,-1,-1,-1,-1,-1,-1,-1,-1,4
d,135,Mezzo-Soprano,Organ,i-VI-III-VII,6,4,3,7,5,2,2,4,3,0,4,4,6,4,5,7,4,6,0,5,1,2,4,7,6,5,1,6,4,0,2,5,6,7,4,0,6,4,9,7,5,3,3,4,9,5,4,3,2,5,3,5,5,9,-1,-1,-1,-1,-1,-1,-1,-1,-1,-1,-1,-1,-1,-1,-1,-1,-1,-1,-1,-1,-1,-1,-1,-1,-1,-1,-1,-1,-1,-1,-1,-1,-1,-1,-1,-1,-1,-1,-1,-1,-1,-1,1
d,135,Mezzo-Soprano,Acoustic Guitar,i-VI-III-VII,6,5,7,3,4,2,3,4,2,5,4,9,7,4,0,7,4,2,0,5,9,1,4,0,6,4,1,6,4,1,2,5,5,7,4,1,4,4,2,5,5,6,5,5,6,5,5,3,2,5,9,-1,-1,-1,-1,-1,-1,-1,-1,-1,-1,-1,-1,-1,-1,-1,-1,-1,-1,-1,-1,-1,-1,-1,-1,-1,-1,-1,-1,-1,-1,-1,-1,-1,-1,-1,-1,-1,-1,-1,-1,-1,-1,-1,-1,-1,3
E,201,Violin,Sitar,I-V-IV-V,6,4,3,0,5,9,3,5,4,5,5,9,7,4,0,0,4,8,6,5,5,0,4,0,2,5,1,3,5,1,7,4,7,1,5,1,4,5,7,0,5,6,3,5,6,-1,-1,-1,-1,-1,-1,-1,-1,-1,-1,-1,-1,-1,-1,-1,-1,-1,-1,-1,-1,-1,-1,-1,-1,-1,-1,-1,-1,-1,-1,-1,-1,-1,-1,-1,-1,-1,-1,-1,-1,-1,-1,-1,-1,-1,-1,-1,-1,-1,-1,-1,4
c#,201,Violin,Sitar,i-iv-v-i,4,5,5,7,5,9,1,5,3,3,5,8,2,4,4,3,4,9,6,4,5,0,4,4,1,5,9,3,4,6,7,5,6,-1,-1,-1,-1,-1,-1,-1,-1,-1,-1,-1,-1,-1,-1,-1,-1,-1,-1,-1,-1,-1,-1,-1,-1,-1,-1,-1,-1,-1,-1,-1,-1,-1,-1,-1,-1,-1,-1,-1,-1,-1,-1,-1,-1,-1,-1,-1,-1,-1,-1,-1,-1,-1,-1,-1,-1,-1,-1,-1,-1,-1,-1,-1,5
c#,198,Saxophone,Organ,i-VI-iv-v,6,5,5,7,4,8,2,5,5,5,4,8,1,4,5,3,4,7,5,5,1,3,5,7,5,5,7,2,4,1,0,5,8,3,4,0,6,5,9,-1,-1,-1,-1,-1,-1,-1,-1,-1,-1,-1,-1,-1,-1,-1,-1,-1,-1,-1,-1,-1,-1,-1,-1,-1,-1,-1,-1,-1,-1,-1,-1,-1,-1,-1,-1,-1,-1,-1,-1,-1,-1,-1,-1,-1,-1,-1,-1,-1,-1,-1,-1,-1,-1,-1,-1,-1,3
g#,135,Saxophone,Organ,i-VI-iv-v,6,4,7,3,5,2,4,4,5,6,4,4,6,4,4,7,4,6,5,5,1,3,5,7,6,4,1,1,4,0,4,5,6,7,4,3,6,5,9,7,5,6,5,4,5,5,4,0,0,5,7,5,4,9,-1,-1,-1,-1,-1,-1,-1,-1,-1,-1,-1,-1,-1,-1,-1,-1,-1,-1,-1,-1,-1,-1,-1,-1,-1,-1,-1,-1,-1,-1,-1,-1,-1,-1,-1,-1,-1,-1,-1,-1,-1,-1,2
d,135,Electric Guitar,Acoustic Guitar,i-iio-v-i,6,4,7,0,4,2,3,4,3,4,4,9,4,4,4,7,4,7,0,5,9,2,4,7,2,4,1,6,4,1,5,5,6,7,4,4,4,4,2,0,5,6,5,4,9,-1,-1,-1,-1,-1,-1,-1,-1,-1,-1,-1,-1,-1,-1,-1,-1,-1,-1,-1,-1,-1,-1,-1,-1,-1,-1,-1,-1,-1,-1,-1,-1,-1,-1,-1,-1,-1,-1,-1,-1,-1,-1,-1,-1,-1,-1,-1,-1,-1,-1,-1,2
C,201,Violin,Sitar,I-IV-I-V,6,4,7,0,4,9,3,5,3,3,4,9,2,4,8,5,4,8,6,4,5,0,4,0,1,5,1,5,5,7,7,4,7,-1,-1,-1,-1,-1,-1,-1,-1,-1,-1,-1,-1,-1,-1,-1,-1,-1,-1,-1,-1,-1,-1,-1,-1,-1,-1,-1,-1,-1,-1,-1,-1,-1,-1,-1,-1,-1,-1,-1,-1,-1,-1,-1,-1,-1,-1,-1,-1,-1,-1,-1,-1,-1,-1,-1,-1,-1,-1,-1,-1,-1,-1,-1,3
C,199,Violin,Organ,I-IV-I-V,0,5,5,7,4,5,1,5,3,3,4,7,1,4,8,5,5,9,0,5,1,0,4,5,5,5,1,2,5,2,7,5,6,0,4,3,0,5,7,0,5,1,5,4,0,4,5,0,5,4,4,2,4,6,-1,-1,-1,-1,-1,-1,-1,-1,-1,-1,-1,-1,-1,-1,-1,-1,-1,-1,-1,-1,-1,-1,-1,-1,-1,-1,-1,-1,-1,-1,-1,-1,-1,-1,-1,-1,-1,-1,-1,-1,-1,-1,2
c#,156,Saxophone,Organ,i-iv-v-i,5,5,3,7,5,8,1,4,3,5,4,0,6,4,4,3,5,9,0,5,1,3,4,5,5,5,7,2,4,2,0,5,6,3,4,0,1,5,9,7,5,7,3,4,0,-1,-1,-1,-1,-1,-1,-1,-1,-1,-1,-1,-1,-1,-1,-1,-1,-1,-1,-1,-1,-1,-1,-1,-1,-1,-1,-1,-1,-1,-1,-1,-1,-1,-1,-1,-1,-1,-1,-1,-1,-1,-1,-1,-1,-1,-1,-1,-1,-1,-1,-1,4
c#,201,Violin,Organ,i-VI-III-VII,6,5,6,7,5,2,0,4,3,3,4,7,6,4,5,5,4,6,0,4,1,2,5,7,6,5,1,3,5,0,2,5,6,3,4,3,0,5,5,0,5,3,5,5,2,5,4,1,2,5,1,5,5,1,7,4,5,2,4,0,3,4,1,4,5,9,-1,-1,-1,-1,-1,-1,-1,-1,-1,-1,-1,-1,-1,-1,-1,-1,-1,-1,-1,-1,-1,-1,-1,-1,-1,-1,-1,-1,-1,-1,3
d,201,Mezzo-Soprano,Sitar,i-iv-VII-III,6,4,3,7,4,2,2,4,3,3,4,9,2,4,5,5,4,8,6,4,5,2,4,0,1,4,1,5,5,0,2,5,6,0,4,1,6,4,7,7,5,1,4,5,3,1,4,3,2,5,9,-1,-1,-1,-1,-1,-1,-1,-1,-1,-1,-1,-1,-1,-1,-1,-1,-1,-1,-1,-1,-1,-1,-1,-1,-1,-1,-1,-1,-1,-1,-1,-1,-1,-1,-1,-1,-1,-1,-1,-1,-1,-1,-1,-1,-1,2
d,201,Mezzo-Soprano,Organ,i-VI-III-VII,6,4,3,7,5,9,3,4,3,0,4,9,2,4,5,5,4,6,0,5,5,0,4,7,6,5,1,5,4,0,2,4,6,0,4,0,0,4,9,-1,-1,-1,-1,-1,-1,-1,-1,-1,-1,-1,-1,-1,-1,-1,-1,-1,-1,-1,-1,-1,-1,-1,-1,-1,-1,-1,-1,-1,-1,-1,-1,-1,-1,-1,-1,-1,-1,-1,-1,-1,-1,-1,-1,-1,-1,-1,-1,-1,-1,-1,-1,-1,-1,-1,-1,-1,1
d,134,Electric Guitar,Organ,i-iio-v-i,6,4,7,0,5,2,1,4,3,0,4,4,6,4,4,6,4,7,0,5,1,2,4,7,2,4,1,6,4,0,2,5,6,7,4,0,6,4,2,0,5,6,3,4,9,5,4,3,0,5,3,3,4,3,7,4,5,6,5,8,-1,-1,-1,-1,-1,-1,-1,-1,-1,-1,-1,-1,-1,-1,-1,-1,-1,-1,-1,-1,-1,-1,-1,-1,-1,-1,-1,-1,-1,-1,-1,-1,-1,-1,-1,-1,4
d,201,Electric Guitar,Acoustic Guitar,i-iio-v-i,6,4,7,0,5,2,3,4,3,4,4,9,2,4,4,5,4,8,0,4,5,2,4,5,1,4,1,3,5,2,5,5,1,7,5,4,0,5,5,0,5,6,6,5,1,3,4,1,0,5,0,4,4,3,4,4,0,6,4,0,2,4,3,3,5,6,-1,-1,-1,-1,-1,-1,-1,-1,-1,-1,-1,-1,-1,-1,-1,-1,-1,-1,-1,-1,-1,-1,-1,-1,-1,-1,-1,-1,-1,-1,4
c#,135,Mezzo-Soprano,Organ,i-VI-III-VII,6,4,3,7,5,9,2,5,3,3,4,4,6,4,5,7,4,6,0,4,1,2,4,5,6,5,1,3,4,0,0,4,1,7,4,0,6,5,9,7,5,3,3,4,2,3,4,1,5,5,3,5,5,1,4,4,5,4,5,7,-1,-1,-1,-1,-1,-1,-1,-1,-1,-1,-1,-1,-1,-1,-1,-1,-1,-1,-1,-1,-1,-1,-1,-1,-1,-1,-1,-1,-1,-1,-1,-1,-1,-1,-1,-1,5
d,135,Violin,Sitar,i-iv-VII-III,6,4,7,7,4,9,3,5,2,0,4,9,6,4,5,7,4,6,6,4,1,2,4,0,1,5,1,6,4,0,2,4,7,0,4,1,6,4,9,0,5,1,-1,-1,-1,-1,-1,-1,-1,-1,-1,-1,-1,-1,-1,-1,-1,-1,-1,-1,-1,-1,-1,-1,-1,-1,-1,-1,-1,-1,-1,-1,-1,-1,-1,-1,-1,-1,-1,-1,-1,-1,-1,-1,-1,-1,-1,-1,-1,-1,-1,-1,-1,-1,-1,-1,3
d,135,Mezzo-Soprano,Sitar,i-VI-III-VII,6,4,3,0,5,9,3,4,3,3,4,9,6,4,5,5,4,6,0,4,5,2,4,0,1,5,1,6,4,0,7,5,7,0,5,0,0,4,7,0,5,3,3,4,9,-1,-1,-1,-1,-1,-1,-1,-1,-1,-1,-1,-1,-1,-1,-1,-1,-1,-1,-1,-1,-1,-1,-1,-1,-1,-1,-1,-1,-1,-1,-1,-1,-1,-1,-1,-1,-1,-1,-1,-1,-1,-1,-1,-1,-1,-1,-1,-1,-1,-1,-1,4
d,135,Flute,Acoustic Guitar,i-VI-III-VII,6,4,3,7,4,2,1,4,3,0,4,9,6,4,4,7,4,6,0,5,9,2,4,7,2,4,1,6,4,0,2,5,6,7,4,4,4,4,9,6,5,6,-1,-1,-1,-1,-1,-1,-1,-1,-1,-1,-1,-1,-1,-1,-1,-1,-1,-1,-1,-1,-1,-1,-1,-1,-1,-1,-1,-1,-1,-1,-1,-1,-1,-1,-1,-1,-1,-1,-1,-1,-1,-1,-1,-1,-1,-1,-1,-1,-1,-1,-1,-1,-1,-1,5
d,135,Electric Guitar,Acoustic Guitar,i-iio-v-i,6,5,7,0,4,9,3,5,3,3,4,9,4,4,4,5,4,7,0,5,9,2,5,5,1,5,1,6,4,2,0,5,6,7,4,4,-1,-1,-1,-1,-1,-1,-1,-1,-1,-1,-1,-1,-1,-1,-1,-1,-1,-1,-1,-1,-1,-1,-1,-1,-1,-1,-1,-1,-1,-1,-1,-1,-1,-1,-1,-1,-1,-1,-1,-1,-1,-1,-1,-1,-1,-1,-1,-1,-1,-1,-1,-1,-1,-1,-1,-1,-1,-1,-1,-1,2
c#,201,Violin,Organ,i-iv-v-i,6,5,7,7,5,9,0,5,3,0,4,7,6,4,5,5,4,6,0,4,5,2,4,7,6,4,1,3,4,2,2,5,6,7,5,0,0,4,5,7,5,3,3,4,2,3,4,1,2,4,1,4,5,1,4,4,0,-1,-1,-1,-1,-1,-1,-1,-1,-1,-1,-1,-1,-1,-1,-1,-1,-1,-1,-1,-1,-1,-1,-1,-1,-1,-1,-1,-1,-1,-1,-1,-1,-1,-1,-1,-1,-1,-1,-1,3
C,135,Violin,Organ,I-IV-I-V,6,4,7,0,5,2,3,4,3,0,4,9,2,4,8,7,4,8,0,4,5,2,4,7,6,5,1,5,5,7,7,5,6,0,5,0,0,4,7,-1,-1,-1,-1,-1,-1,-1,-1,-1,-1,-1,-1,-1,-1,-1,-1,-1,-1,-1,-1,-1,-1,-1,-1,-1,-1,-1,-1,-1,-1,-1,-1,-1,-1,-1,-1,-1,-1,-1,-1,-1,-1,-1,-1,-1,-1,-1,-1,-1,-1,-1,-1,-1,-1,-1,-1,-1,2
C,201,Violin,Sitar,I-IV-I-V,6,4,7,0,4,9,3,4,3,0,4,4,2,4,8,5,4,8,0,4,5,0,4,7,6,4,1,6,4,0,2,4,6,0,4,1,0,4,9,-1,-1,-1,-1,-1,-1,-1,-1,-1,-1,-1,-1,-1,-1,-1,-1,-1,-1,-1,-1,-1,-1,-1,-1,-1,-1,-1,-1,-1,-1,-1,-1,-1,-1,-1,-1,-1,-1,-1,-1,-1,-1,-1,-1,-1,-1,-1,-1,-1,-1,-1,-1,-1,-1,-1,-1,-1,3
d,134,Electric Guitar,Acoustic Guitar,i-VI-III-VII,6,4,3,7,5,2,3,4,3,0,4,9,4,4,5,6,4,6,0,5,1,2,4,7,6,4,1,6,4,0,2,5,6,7,4,4,4,4,9,7,5,6,3,4,9,-1,-1,-1,-1,-1,-1,-1,-1,-1,-1,-1,-1,-1,-1,-1,-1,-1,-1,-1,-1,-1,-1,-1,-1,-1,-1,-1,-1,-1,-1,-1,-1,-1,-1,-1,-1,-1,-1,-1,-1,-1,-1,-1,-1,-1,-1,-1,-1,-1,-1,-1,2
c#,201,Electric Guitar,Acoustic Guitar,i-iv-v-i,0,5,7,7,4,9,0,4,3,3,4,9,2,4,4,7,4,8,0,5,5,2,4,7,1,4,1,2,4,2,5,5,1,7,4,4,0,5,2,0,5,6,-1,-1,-1,-1,-1,-1,-1,-1,-1,-1,-1,-1,-1,-1,-1,-1,-1,-1,-1,-1,-1,-1,-1,-1,-1,-1,-1,-1,-1,-1,-1,-1,-1,-1,-1,-1,-1,-1,-1,-1,-1,-1,-1,-1,-1,-1,-1,-1,-1,-1,-1,-1,-1,-1,4
c#,135,Violin,Organ,i-iv-v-i,6,5,3,7,5,2,0,4,3,3,4,4,2,4,5,5,4,8,0,4,5,2,5,7,1,5,1,3,4,0,0,5,5,3,5,0,0,5,5,7,5,6,3,5,1,5,4,1,5,5,1,4,5,1,4,5,4,2,5,0,2,4,9,-1,-1,-1,-1,-1,-1,-1,-1,-1,-1,-1,-1,-1,-1,-1,-1,-1,-1,-1,-1,-1,-1,-1,-1,-1,-1,-1,-1,-1,-1,-1,-1,-1,4
C,201,Violin,Sitar,I-V-vi-IV,6,4,3,0,4,2,2,4,3,3,4,4,6,4,5,7,4,6,6,5,5,0,4,0,6,5,1,6,4,7,7,5,6,0,4,1,6,4,7,0,5,1,4,5,3,5,4,1,2,4,9,3,5,4,5,5,5,4,5,7,-1,-1,-1,-1,-1,-1,-1,-1,-1,-1,-1,-1,-1,-1,-1,-1,-1,-1,-1,-1,-1,-1,-1,-1,-1,-1,-1,-1,-1,-1,-1,-1,-1,-1,-1,-1,5
C,201,Mezzo-Soprano,Organ,I-V-vi-IV,6,4,3,0,5,9,2,5,3,0,4,4,2,4,8,5,4,7,6,4,5,0,4,0,6,5,1,6,4,0,7,4,7,0,5,0,6,4,7,0,5,3,3,4,9,-1,-1,-1,-1,-1,-1,-1,-1,-1,-1,-1,-1,-1,-1,-1,-1,-1,-1,-1,-1,-1,-1,-1,-1,-1,-1,-1,-1,-1,-1,-1,-1,-1,-1,-1,-1,-1,-1,-1,-1,-1,-1,-1,-1,-1,-1,-1,-1,-1,-1,-1,3
d,135,Electric Guitar,Acoustic Guitar,i-iio-v-i,6,4,3,0,5,2,2,4,3,4,4,9,6,4,5,6,4,6,0,5,1,2,4,7,2,4,1,5,4,0,5,5,6,7,4,4,6,4,2,7,5,6,3,4,9,5,4,3,0,5,9,-1,-1,-1,-1,-1,-1,-1,-1,-1,-1,-1,-1,-1,-1,-1,-1,-1,-1,-1,-1,-1,-1,-1,-1,-1,-1,-1,-1,-1,-1,-1,-1,-1,-1,-1,-1,-1,-1,-1,-1,-1,-1,-1,-1,-1,2
c#,201,Mezzo-Soprano,Acoustic Guitar,i-iv-VII-III,0,4,7,7,4,9,2,4,3,3,4,9,2,4,4,5,4,8,6,5,5,2,4,0,1,4,1,2,4,0,2,5,1,0,4,1,0,4,2,0,5,6,5,5,3,1,4,3,5,5,9,-1,-1,-1,-1,-1,-1,-1,-1,-1,-1,-1,-1,-1,-1,-1,-1,-1,-1,-1,-1,-1,-1,-1,-1,-1,-1,-1,-1,-1,-1,-1,-1,-1,-1,-1,-1,-1,-1,-1,-1,-1,-1,-1,-1,-1,3
c#,201,Mezzo-Soprano,Sitar,i-iv-VII-III,6,4,3,7,5,2,2,5,3,3,4,9,6,4,5,5,4,8,6,4,5,2,4,0,1,5,1,5,5,0,0,4,1,0,4,0,5,5,7,7,5,0,4,4,3,3,4,3,2,5,9,5,5,1,4,4,5,-1,-1,-1,-1,-1,-1,-1,-1,-1,-1,-1,-1,-1,-1,-1,-1,-1,-1,-1,-1,-1,-1,-1,-1,-1,-1,-1,-1,-1,-1,-1,-1,-1,-1,-1,-1,-1,-1,-1,4
c#,135,Mezzo-Soprano,Organ,i-iv-v-i,6,5,3,7,5,9,0,5,3,0,4,4,6,4,5,5,4,6,0,4,5,2,4,7,6,5,1,3,4,2,0,5,6,7,4,0,0,5,9,7,5,3,3,4,2,3,4,1,2,5,1,4,5,1,4,4,5,-1,-1,-1,-1,-1,-1,-1,-1,-1,-1,-1,-1,-1,-1,-1,-1,-1,-1,-1,-1,-1,-1,-1,-1,-1,-1,-1,-1,-1,-1,-1,-1,-1,-1,-1,-1,-1,-1,-1,1
d,135,Electric Guitar,Acoustic Guitar,i-iv-v-i,6,5,3,7,5,9,0,4,3,0,4,9,5,4,5,6,4,6,0,5,5,2,4,7,6,4,0,5,4,2,2,5,6,7,5,4,6,4,5,7,5,6,3,4,2,-1,-1,-1,-1,-1,-1,-1,-1,-1,-1,-1,-1,-1,-1,-1,-1,-1,-1,-1,-1,-1,-1,-1,-1,-1,-1,-1,-1,-1,-1,-1,-1,-1,-1,-1,-1,-1,-1,-1,-1,-1,-1,-1,-1,-1,-1,-1,-1,-1,-1,-1,4
d,135,Clarinet,Acoustic Guitar,i-iv-v-i,6,4,7,0,4,9,0,4,3,3,4,9,2,4,3,6,4,6,0,4,5,2,4,7,2,4,1,2,4,2,5,5,6,6,4,4,0,5,1,7,5,6,5,4,9,-1,-1,-1,-1,-1,-1,-1,-1,-1,-1,-1,-1,-1,-1,-1,-1,-1,-1,-1,-1,-1,-1,-1,-1,-1,-1,-1,-1,-1,-1,-1,-1,-1,-1,-1,-1,-1,-1,-1,-1,-1,-1,-1,-1,-1,-1,-1,-1,-1,-1,-1,4
c#,201,Mezzo-Soprano,Acoustic Guitar,i-iv-v-i,6,4,3,7,4,9,2,4,3,3,4,9,2,4,4,5,4,8,5,5,5,2,4,0,1,4,1,5,5,0,2,5,6,0,4,1,6,5,7,0,5,6,4,4,3,3,4,3,-1,-1,-1,-1,-1,-1,-1,-1,-1,-1,-1,-1,-1,-1,-1,-1,-1,-1,-1,-1,-1,-1,-1,-1,-1,-1,-1,-1,-1,-1,-1,-1,-1,-1,-1,-1,-1,-1,-1,-1,-1,-1,-1,-1,-1,-1,-1,-1,3
c#,135,Mezzo-Soprano,Organ,i-iv-VII-III,6,4,3,7,5,2,2,5,3,3,4,4,2,4,5,7,4,6,5,4,5,2,4,5,6,5,1,5,5,0,0,5,1,7,4,0,6,5,7,7,5,3,4,5,3,3,4,3,2,5,9,3,5,4,4,4,5,4,4,7,-1,-1,-1,-1,-1,-1,-1,-1,-1,-1,-1,-1,-1,-1,-1,-1,-1,-1,-1,-1,-1,-1,-1,-1,-1,-1,-1,-1,-1,-1,-1,-1,-1,-1,-1,-1,4
c#,135,Mezzo-Soprano,Organ,i-VI-III-VII,6,4,7,7,5,9,0,5,3,3,4,7,6,4,4,7,4,6,0,4,1,2,4,5,6,4,1,3,4,0,0,4,1,7,4,0,0,5,5,7,5,3,3,4,2,3,4,1,2,5,1,4,5,1,3,4,0,4,4,7,2,4,9,-1,-1,-1,-1,-1,-1,-1,-1,-1,-1,-1,-1,-1,-1,-1,-1,-1,-1,-1,-1,-1,-1,-1,-1,-1,-1,-1,-1,-1,-1,-1,-1,-1,3
c#,201,Electric Guitar,Organ,i-iio-v-i,6,5,7,0,5,2,2,4,3,0,4,7,6,4,5,5,4,5,0,4,1,2,4,7,2,4,1,3,4,0,2,5,6,7,4,4,6,4,2,7,5,3,2,4,9,5,4,3,1,4,1,4,5,1,4,4,0,6,4,8,-1,-1,-1,-1,-1,-1,-1,-1,-1,-1,-1,-1,-1,-1,-1,-1,-1,-1,-1,-1,-1,-1,-1,-1,-1,-1,-1,-1,-1,-1,-1,-1,-1,-1,-1,-1,5
c#,201,Electric Guitar,Acoustic Guitar,i-iv-v-i,0,4,3,7,5,2,2,4,3,3,4,9,6,4,5,6,4,6,0,5,5,2,4,7,1,4,1,5,4,2,4,5,6,7,4,4,0,5,1,7,5,6,5,4,9,3,4,3,-1,-1,-1,-1,-1,-1,-1,-1,-1,-1,-1,-1,-1,-1,-1,-1,-1,-1,-1,-1,-1,-1,-1,-1,-1,-1,-1,-1,-1,-1,-1,-1,-1,-1,-1,-1,-1,-1,-1,-1,-1,-1,-1,-1,-1,-1,-1,-1,4
c#,201,Electric Guitar,Sitar,i-iv-VII-III,0,5,7,7,4,9,2,4,3,3,4,9,2,4,4,7,4,8,6,4,5,2,4,7,1,4,0,2,5,0,4,5,5,7,4,4,0,4,7,-1,-1,-1,-1,-1,-1,-1,-1,-1,-1,-1,-1,-1,-1,-1,-1,-1,-1,-1,-1,-1,-1,-1,-1,-1,-1,-1,-1,-1,-1,-1,-1,-1,-1,-1,-1,-1,-1,-1,-1,-1,-1,-1,-1,-1,-1,-1,-1,-1,-1,-1,-1,-1,-1,-1,-1,-1,4
c#,135,Mezzo-Soprano,Sitar,i-VI-III-VII,6,4,3,7,5,2,2,5,3,3,4,4,2,4,5,7,4,8,0,4,5,1,4,0,6,4,1,5,4,0,0,5,1,0,4,0,6,4,8,7,4,3,4,4,2,1,4,1,5,5,3,5,5,4,7,4,5,4,5,7,2,4,1,2,5,3,4,4,5,2,5,3,-1,-1,-1,-1,-1,-1,-1,-1,-1,-1,-1,-1,-1,-1,-1,-1,-1,-1,-1,-1,-1,-1,-1,-1,4
c#,201,Flute,Organ,i-VI-III-VII,6,4,7,7,5,9,2,5,3,3,4,7,6,4,5,7,4,6,0,4,5,2,4,7,6,4,1,3,4,2,0,5,1,6,4,0,0,4,9,6,5,3,3,4,2,-1,-1,-1,-1,-1,-1,-1,-1,-1,-1,-1,-1,-1,-1,-1,-1,-1,-1,-1,-1,-1,-1,-1,-1,-1,-1,-1,-1,-1,-1,-1,-1,-1,-1,-1,-1,-1,-1,-1,-1,-1,-1,-1,-1,-1,-1,-1,-1,-1,-1,-1,2
c#,135,Electric Guitar,Acoustic Guitar,i-iv-v-i,6,4,7,0,5,9,0,4,3,0,4,9,6,4,5,5,4,6,0,5,5,2,4,7,6,4,1,3,4,0,5,5,5,7,5,4,0,4,5,7,5,3,-1,-1,-1,-1,-1,-1,-1,-1,-1,-1,-1,-1,-1,-1,-1,-1,-1,-1,-1,-1,-1,-1,-1,-1,-1,-1,-1,-1,-1,-1,-1,-1,-1,-1,-1,-1,-1,-1,-1,-1,-1,-1,-1,-1,-1,-1,-1,-1,-1,-1,-1,-1,-1,-1,3
c#,135,Electric Guitar,Acoustic Guitar,i-iv-v-i,0,5,7,0,4,9,2,4,3,4,4,8,6,4,4,7,4,8,0,5,1,2,4,7,2,4,1,5,4,0,5,5,1,7,4,4,0,5,2,7,5,6,3,4,9,-1,-1,-1,-1,-1,-1,-1,-1,-1,-1,-1,-1,-1,-1,-1,-1,-1,-1,-1,-1,-1,-1,-1,-1,-1,-1,-1,-1,-1,-1,-1,-1,-1,-1,-1,-1,-1,-1,-1,-1,-1,-1,-1,-1,-1,-1,-1,-1,-1,-1,-1,4
d,201,Mezzo-Soprano,Acoustic Guitar,i-iv-v-i,6,4,3,7,4,9,2,4,3,3,4,8,2,4,4,5,4,8,6,4,5,2,4,0,1,4,1,5,5,0,5,5,6,0,4,1,6,4,2,0,5,1,4,4,3,1,4,3,5,4,9,-1,-1,-1,-1,-1,-1,-1,-1,-1,-1,-1,-1,-1,-1,-1,-1,-1,-1,-1,-1,-1,-1,-1,-1,-1,-1,-1,-1,-1,-1,-1,-1,-1,-1,-1,-1,-1,-1,-1,-1,-1,-1,-1,-1,-1,2
c#,135,Mezzo-Soprano,Sitar,i-VI-III-VII,6,4,3,7,4,9,2,5,3,3,4,4,2,4,5,7,4,6,0,4,4,2,4,0,6,4,1,3,5,0,0,5,1,0,4,1,6,4,9,7,5,3,3,4,3,1,4,2,2,5,3,3,5,4,4,4,5,4,4,7,-1,-1,-1,-1,-1,-1,-1,-1,-1,-1,-1,-1,-1,-1,-1,-1,-1,-1,-1,-1,-1,-1,-1,-1,-1,-1,-1,-1,-1,-1,-1,-1,-1,-1,-1,-1,3
c#,201,Mezzo-Soprano,Organ,i-VI-III-VII,6,4,3,7,5,9,0,5,3,3,4,7,6,4,4,5,4,6,0,4,1,2,4,5,6,4,1,3,4,2,2,4,1,7,5,0,0,4,5,7,5,3,3,4,2,3,4,1,2,5,3,5,5,1,4,4,5,2,5,7,3,5,1,2,5,2,5,4,4,-1,-1,-1,-1,-1,-1,-1,-1,-1,-1,-1,-1,-1,-1,-1,-1,-1,-1,-1,-1,-1,-1,-1,-1,-1,-1,-1,2
d,201,Electric Guitar,Organ,i-iv-v-i,6,4,7,0,5,9,2,4,3,0,4,7,6,4,5,5,4,6,0,4,1,2,4,7,6,4,1,5,4,2,2,5,6,7,4,0,6,4,5,7,5,3,3,4,2,5,4,3,0,5,1,4,5,1,4,4,0,6,4,8,-1,-1,-1,-1,-1,-1,-1,-1,-1,-1,-1,-1,-1,-1,-1,-1,-1,-1,-1,-1,-1,-1,-1,-1,-1,-1,-1,-1,-1,-1,-1,-1,-1,-1,-1,-1,3
c#,201,Mezzo-Soprano,Acoustic Guitar,i-iv-VII-III,0,4,7,7,4,9,2,4,3,3,4,9,2,4,4,5,4,8,6,5,5,2,4,0,1,4,1,2,4,0,2,5,1,0,4,1,0,4,2,0,5,6,5,5,3,1,4,3,5,5,9,-1,-1,-1,-1,-1,-1,-1,-1,-1,-1,-1,-1,-1,-1,-1,-1,-1,-1,-1,-1,-1,-1,-1,-1,-1,-1,-1,-1,-1,-1,-1,-1,-1,-1,-1,-1,-1,-1,-1,-1,-1,-1,-1,-1,-1,3
c#,201,Mezzo-Soprano,Sitar,i-iv-VII-III,6,4,3,7,5,2,2,5,3,3,4,9,6,4,5,5,4,8,6,4,5,2,4,0,1,5,1,5,5,0,0,4,1,0,4,0,5,5,7,7,5,0,4,4,3,3,4,3,2,5,9,5,5,1,4,4,5,-1,-1,-1,-1,-1,-1,-1,-1,-1,-1,-1,-1,-1,-1,-1,-1,-1,-1,-1,-1,-1,-1,-1,-1,-1,-1,-1,-1,-1,-1,-1,-1,-1,-1,-1,-1,-1,-1,-1,2
d,135,Electric Guitar,Acoustic Guitar,i-iv-v-i,6,5,3,7,5,9,0,4,3,0,4,9,5,4,5,6,4,6,0,5,5,2,4,7,6,4,0,5,4,2,2,5,6,7,5,4,6,4,5,7,5,6,3,4,2,-1,-1,-1,-1,-1,-1,-1,-1,-1,-1,-1,-1,-1,-1,-1,-1,-1,-1,-1,-1,-1,-1,-1,-1,-1,-1,-1,-1,-1,-1,-1,-1,-1,-1,-1,-1,-1,-1,-1,-1,-1,-1,-1,-1,-1,-1,-1,-1,-1,-1,-1,4
d,135,Clarinet,Acoustic Guitar,i-iv-v-i,6,4,7,0,4,9,0,4,3,3,4,9,2,4,3,6,4,6,0,4,5,2,4,7,2,4,1,2,4,2,5,5,6,6,4,4,0,5,1,7,5,6,5,4,9,-1,-1,-1,-1,-1,-1,-1,-1,-1,-1,-1,-1,-1,-1,-1,-1,-1,-1,-1,-1,-1,-1,-1,-1,-1,-1,-1,-1,-1,-1,-1,-1,-1,-1,-1,-1,-1,-1,-1,-1,-1,-1,-1,-1,-1,-1,-1,-1,-1,-1,-1,4
c#,201,Mezzo-Soprano,Acoustic Guitar,i-iv-v-i,6,4,3,7,4,9,2,4,3,3,4,9,2,4,4,5,4,8,5,5,5,2,4,0,1,4,1,5,5,0,2,5,6,0,4,1,6,5,7,0,5,6,4,4,3,3,4,3,-1,-1,-1,-1,-1,-1,-1,-1,-1,-1,-1,-1,-1,-1,-1,-1,-1,-1,-1,-1,-1,-1,-1,-1,-1,-1,-1,-1,-1,-1,-1,-1,-1,-1,-1,-1,-1,-1,-1,-1,-1,-1,-1,-1,-1,-1,-1,-1,4
c#,201,Electric Guitar,Organ,i-iio-v-i,6,5,7,0,5,2,2,4,3,0,4,7,6,4,5,5,4,5,0,4,1,2,4,7,2,4,1,3,4,0,2,5,6,7,4,4,6,4,2,7,5,3,2,4,9,5,4,3,1,4,1,4,5,1,4,4,0,6,4,8,-1,-1,-1,-1,-1,-1,-1,-1,-1,-1,-1,-1,-1,-1,-1,-1,-1,-1,-1,-1,-1,-1,-1,-1,-1,-1,-1,-1,-1,-1,-1,-1,-1,-1,-1,-1,5
c#,201,Electric Guitar,Sitar,i-iv-VII-III,0,5,7,7,4,9,2,4,3,3,4,9,2,4,4,7,4,8,6,4,5,2,4,7,1,4,0,2,5,0,4,5,5,7,4,4,0,4,7,-1,-1,-1,-1,-1,-1,-1,-1,-1,-1,-1,-1,-1,-1,-1,-1,-1,-1,-1,-1,-1,-1,-1,-1,-1,-1,-1,-1,-1,-1,-1,-1,-1,-1,-1,-1,-1,-1,-1,-1,-1,-1,-1,-1,-1,-1,-1,-1,-1,-1,-1,-1,-1,-1,-1,-1,-1,5
c#,135,Mezzo-Soprano,Sitar,i-VI-III-VII,6,4,3,7,5,2,2,5,3,3,4,4,2,4,5,7,4,8,0,4,5,1,4,0,6,4,1,5,4,0,0,5,1,0,4,0,6,4,8,7,4,3,4,4,2,1,4,1,5,5,3,5,5,4,7,4,5,4,5,7,2,4,1,2,5,3,4,4,5,2,5,3,-1,-1,-1,-1,-1,-1,-1,-1,-1,-1,-1,-1,-1,-1,-1,-1,-1,-1,-1,-1,-1,-1,-1,-1,5
c#,201,Flute,Organ,i-VI-III-VII,6,4,7,7,5,9,2,5,3,3,4,7,6,4,5,7,4,6,0,4,5,2,4,7,6,4,1,3,4,2,0,5,1,6,4,0,0,4,9,6,5,3,3,4,2,-1,-1,-1,-1,-1,-1,-1,-1,-1,-1,-1,-1,-1,-1,-1,-1,-1,-1,-1,-1,-1,-1,-1,-1,-1,-1,-1,-1,-1,-1,-1,-1,-1,-1,-1,-1,-1,-1,-1,-1,-1,-1,-1,-1,-1,-1,-1,-1,-1,-1,-1,3
c#,135,Electric Guitar,Acoustic Guitar,i-iv-v-i,6,4,7,0,5,9,0,4,3,0,4,9,6,4,5,5,4,6,0,5,5,2,4,7,6,4,1,3,4,0,5,5,5,7,5,4,0,4,5,7,5,3,-1,-1,-1,-1,-1,-1,-1,-1,-1,-1,-1,-1,-1,-1,-1,-1,-1,-1,-1,-1,-1,-1,-1,-1,-1,-1,-1,-1,-1,-1,-1,-1,-1,-1,-1,-1,-1,-1,-1,-1,-1,-1,-1,-1,-1,-1,-1,-1,-1,-1,-1,-1,-1,-1,4
c#,135,Electric Guitar,Acoustic Guitar,i-iv-v-i,0,5,7,0,4,9,2,4,3,4,4,8,6,4,4,7,4,8,0,5,1,2,4,7,2,4,1,5,4,0,5,5,1,7,4,4,0,5,2,7,5,6,3,4,9,-1,-1,-1,-1,-1,-1,-1,-1,-1,-1,-1,-1,-1,-1,-1,-1,-1,-1,-1,-1,-1,-1,-1,-1,-1,-1,-1,-1,-1,-1,-1,-1,-1,-1,-1,-1,-1,-1,-1,-1,-1,-1,-1,-1,-1,-1,-1,-1,-1,-1,-1,5
c#,135,Mezzo-Soprano,Sitar,i-VI-III-VII,6,4,3,7,4,9,2,5,3,3,4,4,2,4,5,7,4,6,0,4,4,2,4,0,6,4,1,3,5,0,0,5,1,0,4,1,6,4,9,7,5,3,3,4,3,1,4,2,2,5,3,3,5,4,4,4,5,4,4,7,-1,-1,-1,-1,-1,-1,-1,-1,-1,-1,-1,-1,-1,-1,-1,-1,-1,-1,-1,-1,-1,-1,-1,-1,-1,-1,-1,-1,-1,-1,-1,-1,-1,-1,-1,-1,4
c#,201,Mezzo-Soprano,Organ,i-VI-III-VII,6,4,3,7,5,9,0,5,3,3,4,7,6,4,4,5,4,6,0,4,1,2,4,5,6,4,1,3,4,2,2,4,1,7,5,0,0,4,5,7,5,3,3,4,2,3,4,1,2,5,3,5,5,1,4,4,5,2,5,7,3,5,1,2,5,2,5,4,4,-1,-1,-1,-1,-1,-1,-1,-1,-1,-1,-1,-1,-1,-1,-1,-1,-1,-1,-1,-1,-1,-1,-1,-1,-1,-1,-1,3
d,201,Electric Guitar,Organ,i-iv-v-i,6,4,7,0,5,9,2,4,3,0,4,7,6,4,5,5,4,6,0,4,1,2,4,7,6,4,1,5,4,2,2,5,6,7,4,0,6,4,5,7,5,3,3,4,2,5,4,3,0,5,1,4,5,1,4,4,0,6,4,8,-1,-1,-1,-1,-1,-1,-1,-1,-1,-1,-1,-1,-1,-1,-1,-1,-1,-1,-1,-1,-1,-1,-1,-1,-1,-1,-1,-1,-1,-1,-1,-1,-1,-1,-1,-1,4
A#,101,Piano,Organ,I-IV-vi-V,7,4,5,7,5,6,6,4,5,7,4,1,7,5,7,0,5,7,7,4,7,2,5,5,1,5,6,3,5,4,5,4,2,3,4,3,5,5,4,3,5,6,7,5,3,5,5,5,6,5,4,5,4,3,0,4,5,-1,-1,-1,-1,-1,-1,-1,-1,-1,-1,-1,-1,-1,-1,-1,-1,-1,-1,-1,-1,-1,-1,-1,-1,-1,-1,-1,-1,-1,-1,-1,-1,-1,-1,-1,-1,-1,-1,-1,5
A#,178,Xylophone,Piano,I-ii-V-I,6,4,0,3,5,9,5,5,5,1,5,0,0,4,3,2,5,0,0,5,6,3,4,2,6,4,9,1,4,7,7,5,0,2,5,4,0,5,7,5,4,0,3,4,4,7,4,6,5,4,2,2,4,3,-1,-1,-1,-1,-1,-1,-1,-1,-1,-1,-1,-1,-1,-1,-1,-1,-1,-1,-1,-1,-1,-1,-1,-1,-1,-1,-1,-1,-1,-1,-1,-1,-1,-1,-1,-1,-1,-1,-1,-1,-1,-1,3
C,212,Saxophone,Acoustic Guitar,I-IV-vi-V,1,4,5,6,5,8,0,5,3,5,4,9,1,4,8,3,4,5,2,5,7,2,5,9,2,4,5,3,4,4,4,5,5,-1,-1,-1,-1,-1,-1,-1,-1,-1,-1,-1,-1,-1,-1,-1,-1,-1,-1,-1,-1,-1,-1,-1,-1,-1,-1,-1,-1,-1,-1,-1,-1,-1,-1,-1,-1,-1,-1,-1,-1,-1,-1,-1,-1,-1,-1,-1,-1,-1,-1,-1,-1,-1,-1,-1,-1,-1,-1,-1,-1,-1,-1,-1,2
F,99,Mezzo-Soprano,Acoustic Guitar,I-V-IV-V,3,5,6,1,5,1,7,5,0,0,5,1,7,5,3,3,5,0,7,5,9,0,4,1,7,4,8,2,5,4,2,5,1,4,5,3,0,5,9,7,5,9,0,4,9,-1,-1,-1,-1,-1,-1,-1,-1,-1,-1,-1,-1,-1,-1,-1,-1,-1,-1,-1,-1,-1,-1,-1,-1,-1,-1,-1,-1,-1,-1,-1,-1,-1,-1,-1,-1,-1,-1,-1,-1,-1,-1,-1,-1,-1,-1,-1,-1,-1,-1,-1,3
c#,106,Flute,Organ,i-VI-iv-v,4,4,5,6,5,6,4,4,4,3,4,6,6,4,8,7,4,5,0,4,4,7,5,6,6,5,6,2,5,7,1,4,5,7,4,4,5,4,2,7,4,4,4,5,1,0,5,0,4,5,7,0,4,1,1,5,0,4,4,6,-1,-1,-1,-1,-1,-1,-1,-1,-1,-1,-1,-1,-1,-1,-1,-1,-1,-1,-1,-1,-1,-1,-1,-1,-1,-1,-1,-1,-1,-1,-1,-1,-1,-1,-1,-1,4
B,118,Saxophone,Organ,I-vi-ii-V,5,4,4,5,4,0,1,5,3,4,5,2,1,5,3,4,5,7,6,4,7,4,4,9,1,5,7,7,4,4,5,4,4,7,4,0,1,4,9,7,4,2,5,4,6,5,5,8,-1,-1,-1,-1,-1,-1,-1,-1,-1,-1,-1,-1,-1,-1,-1,-1,-1,-1,-1,-1,-1,-1,-1,-1,-1,-1,-1,-1,-1,-1,-1,-1,-1,-1,-1,-1,-1,-1,-1,-1,-1,-1,-1,-1,-1,-1,-1,-1,5
b,167,Clarinet,Piano,i-v-i-iv,7,4,1,7,5,8,6,5,5,6,4,0,7,5,4,7,4,5,6,4,0,3,5,6,6,4,4,3,4,7,1,5,2,7,4,6,4,4,7,2,4,0,3,4,4,1,5,0,4,4,2,3,5,7,2,5,6,6,5,3,1,4,8,-1,-1,-1,-1,-1,-1,-1,-1,-1,-1,-1,-1,-1,-1,-1,-1,-1,-1,-1,-1,-1,-1,-1,-1,-1,-1,-1,-1,-1,-1,-1,-1,-1,3
g,157,Clarinet,Electric Guitar,i-VI-iv-v,5,5,9,1,5,2,1,5,3,0,4,2,7,5,9,4,4,4,3,5,3,4,4,7,3,5,7,5,4,3,0,4,1,7,5,2,3,4,3,4,5,6,5,5,8,-1,-1,-1,-1,-1,-1,-1,-1,-1,-1,-1,-1,-1,-1,-1,-1,-1,-1,-1,-1,-1,-1,-1,-1,-1,-1,-1,-1,-1,-1,-1,-1,-1,-1,-1,-1,-1,-1,-1,-1,-1,-1,-1,-1,-1,-1,-1,-1,-1,-1,-1,5
d,126,Piano,Organ,i-v-VI-iv,3,4,9,5,5,6,6,4,5,7,4,2,3,4,5,2,4,0,7,4,7,0,5,4,5,4,5,0,5,7,6,4,3,4,5,9,3,5,8,-1,-1,-1,-1,-1,-1,-1,-1,-1,-1,-1,-1,-1,-1,-1,-1,-1,-1,-1,-1,-1,-1,-1,-1,-1,-1,-1,-1,-1,-1,-1,-1,-1,-1,-1,-1,-1,-1,-1,-1,-1,-1,-1,-1,-1,-1,-1,-1,-1,-1,-1,-1,-1,-1,-1,-1,-1,4
F#,135,Mezzo-Soprano,Organ,I-vi-IV-V,6,4,3,0,4,4,0,4,1,4,5,7,4,4,2,2,4,3,0,5,1,2,4,9,0,4,4,6,4,2,0,4,7,6,5,3,4,5,9,0,5,1,4,5,6,0,5,6,0,5,1,5,4,2,-1,-1,-1,-1,-1,-1,-1,-1,-1,-1,-1,-1,-1,-1,-1,-1,-1,-1,-1,-1,-1,-1,-1,-1,-1,-1,-1,-1,-1,-1,-1,-1,-1,-1,-1,-1,-1,-1,-1,-1,-1,-1,2
G,140,Clarinet,Acoustic Guitar,I-vi-ii-V,1,5,2,6,5,2,6,4,1,3,5,9,3,5,0,6,4,7,3,5,7,6,5,7,1,5,3,3,4,8,7,4,1,6,4,9,4,5,8,-1,-1,-1,-1,-1,-1,-1,-1,-1,-1,-1,-1,-1,-1,-1,-1,-1,-1,-1,-1,-1,-1,-1,-1,-1,-1,-1,-1,-1,-1,-1,-1,-1,-1,-1,-1,-1,-1,-1,-1,-1,-1,-1,-1,-1,-1,-1,-1,-1,-1,-1,-1,-1,-1,-1,-1,-1,3
D#,205,Mezzo-Soprano,Sitar,I-IV-V-I,7,4,3,4,4,8,2,4,7,0,4,3,2,4,8,0,4,9,7,5,0,0,5,7,4,5,9,0,5,0,0,4,4,6,5,7,-1,-1,-1,-1,-1,-1,-1,-1,-1,-1,-1,-1,-1,-1,-1,-1,-1,-1,-1,-1,-1,-1,-1,-1,-1,-1,-1,-1,-1,-1,-1,-1,-1,-1,-1,-1,-1,-1,-1,-1,-1,-1,-1,-1,-1,-1,-1,-1,-1,-1,-1,-1,-1,-1,-1,-1,-1,-1,-1,-1,2
C#,80,Xylophone,Piano,I-vi-IV-V,1,5,5,4,4,1,6,4,0,6,5,8,0,4,4,3,4,2,6,4,9,4,4,3,2,4,0,5,5,9,6,4,4,2,4,0,2,5,1,5,5,3,2,5,3,1,4,6,3,4,2,5,4,3,0,5,4,4,4,2,-1,-1,-1,-1,-1,-1,-1,-1,-1,-1,-1,-1,-1,-1,-1,-1,-1,-1,-1,-1,-1,-1,-1,-1,-1,-1,-1,-1,-1,-1,-1,-1,-1,-1,-1,-1,4
b,117,Piano,Sitar,i-v-VI-iv,3,5,0,2,5,7,3,4,8,6,4,5,5,5,6,7,5,0,0,4,0,1,5,6,7,5,7,0,4,6,6,4,5,7,4,4,1,5,6,7,5,9,0,4,8,-1,-1,-1,-1,-1,-1,-1,-1,-1,-1,-1,-1,-1,-1,-1,-1,-1,-1,-1,-1,-1,-1,-1,-1,-1,-1,-1,-1,-1,-1,-1,-1,-1,-1,-1,-1,-1,-1,-1,-1,-1,-1,-1,-1,-1,-1,-1,-1,-1,-1,-1,4
E,174,Saxophone,Acoustic Guitar,I-IV-I-V,1,5,3,7,4,8,2,4,7,0,4,4,1,5,0,4,4,2,2,4,4,1,4,1,0,4,0,4,5,1,0,5,8,7,5,5,4,5,9,3,4,7,2,5,7,5,5,1,0,5,7,-1,-1,-1,-1,-1,-1,-1,-1,-1,-1,-1,-1,-1,-1,-1,-1,-1,-1,-1,-1,-1,-1,-1,-1,-1,-1,-1,-1,-1,-1,-1,-1,-1,-1,-1,-1,-1,-1,-1,-1,-1,-1,-1,-1,-1,3
a#,85,Xylophone,Sitar,i-VI-III-VII,5,5,6,1,5,7,7,4,0,5,5,1,6,5,8,1,5,1,2,5,2,1,5,2,1,4,5,3,5,1,6,5,5,5,5,5,6,5,9,4,4,7,5,4,7,4,5,2,-1,-1,-1,-1,-1,-1,-1,-1,-1,-1,-1,-1,-1,-1,-1,-1,-1,-1,-1,-1,-1,-1,-1,-1,-1,-1,-1,-1,-1,-1,-1,-1,-1,-1,-1,-1,-1,-1,-1,-1,-1,-1,-1,-1,-1,-1,-1,-1,4
d,77,Clarinet,Sitar,i-VI-iv-v,2,4,7,3,5,5,2,5,0,4,5,6,5,5,0,7,4,9,4,5,2,6,5,0,5,5,4,0,4,0,7,5,8,2,5,1,2,5,3,0,5,5,3,5,0,5,4,3,4,4,8,2,4,1,3,5,2,1,4,8,-1,-1,-1,-1,-1,-1,-1,-1,-1,-1,-1,-1,-1,-1,-1,-1,-1,-1,-1,-1,-1,-1,-1,-1,-1,-1,-1,-1,-1,-1,-1,-1,-1,-1,-1,-1,4
g,174,Flute,Acoustic Guitar,i-iv-VII-III,4,5,5,3,4,0,2,4,3,7,4,3,5,4,3,0,4,6,5,5,0,4,4,8,3,4,0,5,5,8,3,4,1,5,4,0,1,4,9,7,4,3,7,5,3,1,4,1,4,5,1,2,4,6,1,4,2,0,4,9,-1,-1,-1,-1,-1,-1,-1,-1,-1,-1,-1,-1,-1,-1,-1,-1,-1,-1,-1,-1,-1,-1,-1,-1,-1,-1,-1,-1,-1,-1,-1,-1,-1,-1,-1,-1,5
D,213,Clarinet,Sitar,I-V-vi-IV,1,4,4,7,4,6,2,5,3,0,5,8,3,5,7,6,4,7,0,4,9,3,4,0,6,5,6,0,5,0,3,5,1,6,4,4,5,4,0,0,4,9,2,4,9,-1,-1,-1,-1,-1,-1,-1,-1,-1,-1,-1,-1,-1,-1,-1,-1,-1,-1,-1,-1,-1,-1,-1,-1,-1,-1,-1,-1,-1,-1,-1,-1,-1,-1,-1,-1,-1,-1,-1,-1,-1,-1,-1,-1,-1,-1,-1,-1,-1,-1,-1,2
A,173,Mezzo-Soprano,Electric Guitar,I-IV-V-I,0,5,4,5,4,3,3,5,5,0,5,5,0,5,5,6,4,6,6,4,8,1,5,4,0,4,3,7,4,0,5,5,5,1,4,0,5,4,6,0,5,2,7,4,7,1,4,3,2,5,4,1,5,2,4,5,2,0,4,7,-1,-1,-1,-1,-1,-1,-1,-1,-1,-1,-1,-1,-1,-1,-1,-1,-1,-1,-1,-1,-1,-1,-1,-1,-1,-1,-1,-1,-1,-1,-1,-1,-1,-1,-1,-1,2
F#,94,Flute,Piano,I-IV-vi-V,1,5,8,6,4,5,6,5,0,4,4,5,4,4,8,6,4,1,1,5,4,3,4,1,1,4,8,5,5,3,7,5,3,3,5,7,6,5,9,6,4,5,3,4,5,-1,-1,-1,-1,-1,-1,-1,-1,-1,-1,-1,-1,-1,-1,-1,-1,-1,-1,-1,-1,-1,-1,-1,-1,-1,-1,-1,-1,-1,-1,-1,-1,-1,-1,-1,-1,-1,-1,-1,-1,-1,-1,-1,-1,-1,-1,-1,-1,-1,-1,-1,4
B,84,Flute,Organ,I-V-vi-IV,0,4,8,7,5,3,4,5,7,7,5,7,5,4,1,2,5,7,5,4,5,7,4,2,6,4,7,2,4,8,1,4,2,1,4,3,3,5,9,-1,-1,-1,-1,-1,-1,-1,-1,-1,-1,-1,-1,-1,-1,-1,-1,-1,-1,-1,-1,-1,-1,-1,-1,-1,-1,-1,-1,-1,-1,-1,-1,-1,-1,-1,-1,-1,-1,-1,-1,-1,-1,-1,-1,-1,-1,-1,-1,-1,-1,-1,-1,-1,-1,-1,-1,-1,3
c#,208,Electric Guitar,Electric Guitar,i-iio-v-i,1,5,9,5,5,6,6,5,2,6,5,8,5,4,1,7,5,6,0,4,7,5,4,2,6,4,5,0,5,0,6,5,6,1,4,2,1,4,6,2,5,2,6,5,9,-1,-1,-1,-1,-1,-1,-1,-1,-1,-1,-1,-1,-1,-1,-1,-1,-1,-1,-1,-1,-1,-1,-1,-1,-1,-1,-1,-1,-1,-1,-1,-1,-1,-1,-1,-1,-1,-1,-1,-1,-1,-1,-1,-1,-1,-1,-1,-1,-1,-1,-1,3
g#,76,Mezzo-Soprano,Piano,i-VI-III-VII,6,5,1,0,4,2,5,5,6,1,5,3,0,4,5,4,4,5,2,5,7,2,5,3,0,4,4,7,4,9,4,5,9,1,5,0,7,5,6,1,5,7,2,4,0,3,4,3,-1,-1,-1,-1,-1,-1,-1,-1,-1,-1,-1,-1,-1,-1,-1,-1,-1,-1,-1,-1,-1,-1,-1,-1,-1,-1,-1,-1,-1,-1,-1,-1,-1,-1,-1,-1,-1,-1,-1,-1,-1,-1,-1,-1,-1,-1,-1,-1,1
c#,81,Violin,Acoustic Guitar,i-VII-VI-VII,1,4,1,5,4,2,7,5,1,2,4,3,0,5,1,4,5,2,7,5,2,4,4,2,5,4,5,6,5,2,5,4,4,2,4,6,0,5,9,1,4,0,1,5,3,4,4,8,7,5,6,5,4,5,1,5,9,-1,-1,-1,-1,-1,-1,-1,-1,-1,-1,-1,-1,-1,-1,-1,-1,-1,-1,-1,-1,-1,-1,-1,-1,-1,-1,-1,-1,-1,-1,-1,-1,-1,-1,-1,-1,-1,-1,-1,4
c#,174,Violin,Acoustic Guitar,i-iv-VII-III,1,4,1,5,4,2,1,4,1,7,4,3,0,4,3,4,5,2,7,4,0,4,4,8,3,4,5,5,5,2,3,4,1,5,4,0,1,5,9,1,4,3,7,4,3,1,4,0,4,5,1,2,4,6,1,4,2,0,4,9,3,5,1,-1,-1,-1,-1,-1,-1,-1,-1,-1,-1,-1,-1,-1,-1,-1,-1,-1,-1,-1,-1,-1,-1,-1,-1,-1,-1,-1,-1,-1,-1,-1,-1,-1,3
g,174,Clarinet,Acoustic Guitar,i-v-VI-iv,3,4,5,3,5,0,2,5,0,4,4,6,5,5,0,7,4,9,4,4,0,5,4,0,3,5,0,5,5,8,7,5,1,2,4,1,2,4,3,7,4,3,3,5,3,1,4,3,4,4,1,2,4,1,1,5,2,0,4,8,3,4,0,1,4,4,3,4,0,1,4,1,4,4,1,6,5,8,-1,-1,-1,-1,-1,-1,-1,-1,-1,-1,-1,-1,-1,-1,-1,-1,-1,-1,2
d,77,Clarinet,Sitar,i-VI-iv-v,2,4,7,3,5,5,2,5,0,4,5,6,5,5,0,7,4,8,4,5,2,6,5,0,5,5,3,0,4,0,7,5,8,2,5,1,2,4,3,0,5,5,2,5,0,5,4,3,3,4,8,1,4,1,3,5,2,1,4,8,-1,-1,-1,-1,-1,-1,-1,-1,-1,-1,-1,-1,-1,-1,-1,-1,-1,-1,-1,-1,-1,-1,-1,-1,-1,-1,-1,-1,-1,-1,-1,-1,-1,-1,-1,-1,1
g,157,Saxophone,Electric Guitar,i-VI-iv-v,2,5,7,1,5,2,1,4,0,4,4,2,7,5,0,7,4,9,3,5,3,6,4,7,3,5,4,5,4,0,0,4,1,7,5,1,2,4,3,0,5,5,3,5,0,0,4,2,4,4,8,1,4,6,3,5,2,1,4,6,-1,-1,-1,-1,-1,-1,-1,-1,-1,-1,-1,-1,-1,-1,-1,-1,-1,-1,-1,-1,-1,-1,-1,-1,-1,-1,-1,-1,-1,-1,-1,-1,-1,-1,-1,-1,2
c#,81,Clarinet,Electric Guitar,i-VI-iv-v,1,4,9,5,5,2,1,5,3,2,4,3,7,5,9,4,4,4,3,4,3,3,4,1,3,4,7,6,5,3,5,4,1,2,5,2,0,5,3,4,4,0,5,5,3,0,5,8,0,5,5,5,4,6,-1,-1,-1,-1,-1,-1,-1,-1,-1,-1,-1,-1,-1,-1,-1,-1,-1,-1,-1,-1,-1,-1,-1,-1,-1,-1,-1,-1,-1,-1,-1,-1,-1,-1,-1,-1,-1,-1,-1,-1,-1,-1,2
g,174,Flute,Acoustic Guitar,i-iv-VII-III,1,5,1,5,4,2,2,5,3,7,4,3,0,5,1,4,4,6,7,5,0,4,4,8,3,4,5,6,5,8,3,4,0,5,4,5,0,5,9,7,4,3,7,4,3,1,4,1,7,5,6,5,4,6,1,5,2,-1,-1,-1,-1,-1,-1,-1,-1,-1,-1,-1,-1,-1,-1,-1,-1,-1,-1,-1,-1,-1,-1,-1,-1,-1,-1,-1,-1,-1,-1,-1,-1,-1,-1,-1,-1,-1,-1,-1,1
g,77,Clarinet,Acoustic Guitar,i-iv-VII-III,4,4,5,2,4,0,2,4,3,7,4,3,5,4,3,7,4,6,4,5,0,6,4,0,5,5,0,0,4,0,3,4,8,4,4,0,1,4,9,7,4,3,7,5,0,5,4,1,4,5,1,2,4,6,1,4,2,1,4,9,3,4,0,-1,-1,-1,-1,-1,-1,-1,-1,-1,-1,-1,-1,-1,-1,-1,-1,-1,-1,-1,-1,-1,-1,-1,-1,-1,-1,-1,-1,-1,-1,-1,-1,-1,2
d,77,Clarinet,Organ,i-VI-iv-v,2,4,7,2,5,5,1,5,0,4,4,6,5,5,0,7,4,9,4,5,2,6,5,0,5,5,4,0,4,0,7,4,8,2,5,1,2,4,3,0,5,5,3,5,0,5,4,3,4,4,8,2,4,1,2,5,2,1,4,8,-1,-1,-1,-1,-1,-1,-1,-1,-1,-1,-1,-1,-1,-1,-1,-1,-1,-1,-1,-1,-1,-1,-1,-1,-1,-1,-1,-1,-1,-1,-1,-1,-1,-1,-1,-1,1
g,157,Saxophone,Sitar,i-VI-iv-v,5,4,9,1,5,2,2,5,0,0,5,6,5,4,0,4,4,8,3,5,3,4,4,0,5,5,3,5,4,3,0,5,1,2,5,1,3,4,2,3,5,5,3,5,0,5,4,9,0,5,8,-1,-1,-1,-1,-1,-1,-1,-1,-1,-1,-1,-1,-1,-1,-1,-1,-1,-1,-1,-1,-1,-1,-1,-1,-1,-1,-1,-1,-1,-1,-1,-1,-1,-1,-1,-1,-1,-1,-1,-1,-1,-1,-1,-1,-1,1
g,81,Violin,Electric Guitar,i-VI-iv-v,1,5,9,1,4,1,1,5,1,2,4,3,7,5,9,4,4,2,3,4,2,4,4,2,3,4,5,5,4,3,0,4,4,7,4,6,3,5,9,1,4,6,5,5,8,-1,-1,-1,-1,-1,-1,-1,-1,-1,-1,-1,-1,-1,-1,-1,-1,-1,-1,-1,-1,-1,-1,-1,-1,-1,-1,-1,-1,-1,-1,-1,-1,-1,-1,-1,-1,-1,-1,-1,-1,-1,-1,-1,-1,-1,-1,-1,-1,-1,-1,-1,4
c#,81,Flute,Acoustic Guitar,i-iv-VII-III,1,4,1,5,4,2,2,5,1,2,4,3,5,4,0,3,4,2,5,5,2,4,4,8,3,4,5,6,5,2,5,4,1,5,4,6,1,4,9,1,4,3,7,5,3,1,4,1,7,5,1,5,4,5,1,5,2,6,4,4,3,5,0,1,5,2,4,5,7,-1,-1,-1,-1,-1,-1,-1,-1,-1,-1,-1,-1,-1,-1,-1,-1,-1,-1,-1,-1,-1,-1,-1,-1,-1,-1,-1,3
d,77,Flute,Acoustic Guitar,i-VI-iv-v,4,4,7,3,4,5,1,5,2,4,5,6,5,5,0,6,4,6,5,4,2,4,4,0,3,5,0,0,5,8,6,4,8,5,5,1,1,5,8,0,4,3,7,5,0,5,4,1,4,5,8,2,4,1,3,5,2,-1,-1,-1,-1,-1,-1,-1,-1,-1,-1,-1,-1,-1,-1,-1,-1,-1,-1,-1,-1,-1,-1,-1,-1,-1,-1,-1,-1,-1,-1,-1,-1,-1,-1,-1,-1,-1,-1,-1,4
d,77,Clarinet,Sitar,i-VI-iv-v,2,4,7,3,5,5,1,4,0,3,5,6,5,5,0,7,4,9,4,5,2,6,4,0,5,5,4,0,4,0,7,5,8,1,5,1,2,5,3,0,5,5,2,5,0,5,4,3,4,4,8,2,4,1,3,5,2,1,4,8,-1,-1,-1,-1,-1,-1,-1,-1,-1,-1,-1,-1,-1,-1,-1,-1,-1,-1,-1,-1,-1,-1,-1,-1,-1,-1,-1,-1,-1,-1,-1,-1,-1,-1,-1,-1,3
d,157,Clarinet,Electric Guitar,i-VI-iv-v,2,4,7,3,5,5,1,5,0,0,4,2,5,5,9,4,4,9,3,4,2,4,4,0,3,5,4,5,4,0,7,5,8,7,5,1,2,4,3,4,4,5,5,4,0,5,4,9,-1,-1,-1,-1,-1,-1,-1,-1,-1,-1,-1,-1,-1,-1,-1,-1,-1,-1,-1,-1,-1,-1,-1,-1,-1,-1,-1,-1,-1,-1,-1,-1,-1,-1,-1,-1,-1,-1,-1,-1,-1,-1,-1,-1,-1,-1,-1,-1,2
g,81,Clarinet,Electric Guitar,i-iv-v-i,1,5,1,5,5,2,1,4,0,2,4,2,0,4,1,4,5,4,2,5,2,4,4,2,3,4,7,5,4,3,5,4,1,2,4,6,3,5,8,4,5,0,5,5,7,0,4,8,7,5,5,1,4,5,1,5,8,-1,-1,-1,-1,-1,-1,-1,-1,-1,-1,-1,-1,-1,-1,-1,-1,-1,-1,-1,-1,-1,-1,-1,-1,-1,-1,-1,-1,-1,-1,-1,-1,-1,-1,-1,-1,-1,-1,-1,3
c#,81,Flute,Acoustic Guitar,i-iv-VII-III,4,4,1,5,4,0,2,5,3,7,4,3,5,4,2,4,5,5,5,5,0,3,4,7,5,4,0,6,5,8,5,4,4,2,4,0,1,4,9,7,4,3,7,5,3,1,4,8,7,5,1,2,4,6,1,4,9,-1,-1,-1,-1,-1,-1,-1,-1,-1,-1,-1,-1,-1,-1,-1,-1,-1,-1,-1,-1,-1,-1,-1,-1,-1,-1,-1,-1,-1,-1,-1,-1,-1,-1,-1,-1,-1,-1,-1,4
g,174,Flute,Sitar,i-iv-VII-III,4,5,7,3,4,5,2,5,3,7,5,6,5,4,3,7,4,9,4,5,1,6,4,8,3,5,4,5,5,0,7,5,8,1,5,1,2,5,8,7,5,4,7,5,3,1,4,3,-1,-1,-1,-1,-1,-1,-1,-1,-1,-1,-1,-1,-1,-1,-1,-1,-1,-1,-1,-1,-1,-1,-1,-1,-1,-1,-1,-1,-1,-1,-1,-1,-1,-1,-1,-1,-1,-1,-1,-1,-1,-1,-1,-1,-1,-1,-1,-1,3
d,77,Saxophone,Sitar,i-VI-iv-v,2,4,7,3,5,5,2,5,0,4,5,6,5,5,0,7,4,9,4,5,2,6,5,0,4,5,4,0,4,0,7,5,8,2,5,1,2,5,3,0,5,5,3,5,0,5,4,3,4,4,8,2,4,1,2,5,2,1,4,8,-1,-1,-1,-1,-1,-1,-1,-1,-1,-1,-1,-1,-1,-1,-1,-1,-1,-1,-1,-1,-1,-1,-1,-1,-1,-1,-1,-1,-1,-1,-1,-1,-1,-1,-1,-1,3
g,76,Clarinet,Electric Guitar,i-VI-iv-v,2,4,7,3,5,5,1,5,3,0,5,5,5,4,8,6,4,4,3,5,3,6,4,0,2,5,7,0,4,3,7,5,1,2,4,1,3,4,3,4,4,5,3,5,0,5,5,9,0,4,5,2,4,1,0,5,2,-1,-1,-1,-1,-1,-1,-1,-1,-1,-1,-1,-1,-1,-1,-1,-1,-1,-1,-1,-1,-1,-1,-1,-1,-1,-1,-1,-1,-1,-1,-1,-1,-1,-1,-1,-1,-1,-1,-1,3
c#,157,Violin,Acoustic Guitar,i-VI-iv-v,5,5,1,5,5,2,1,5,3,0,4,3,0,5,8,4,4,2,3,5,3,4,4,7,5,5,5,6,5,2,5,4,1,7,5,2,3,4,9,1,4,6,5,4,8,0,5,8,-1,-1,-1,-1,-1,-1,-1,-1,-1,-1,-1,-1,-1,-1,-1,-1,-1,-1,-1,-1,-1,-1,-1,-1,-1,-1,-1,-1,-1,-1,-1,-1,-1,-1,-1,-1,-1,-1,-1,-1,-1,-1,-1,-1,-1,-1,-1,-1,4
C#,81,Flute,Acoustic Guitar,I-IV-I-V,4,4,5,5,4,0,2,4,1,2,4,3,0,5,1,4,5,6,5,5,0,4,4,8,5,4,0,5,5,2,3,4,4,5,4,0,0,5,9,6,4,0,7,5,3,4,4,8,7,5,1,5,4,6,1,5,2,0,5,4,4,5,0,7,5,8,-1,-1,-1,-1,-1,-1,-1,-1,-1,-1,-1,-1,-1,-1,-1,-1,-1,-1,-1,-1,-1,-1,-1,-1,-1,-1,-1,-1,-1,-1,4
D,77,Clarinet,Sitar,I-IV-I-V,2,4,5,3,5,5,2,5,0,3,4,3,5,5,0,7,4,9,5,5,2,4,5,0,3,5,0,0,4,0,3,4,1,2,5,1,1,4,9,6,4,3,3,5,0,4,4,1,4,5,1,2,4,6,1,4,2,1,4,9,-1,-1,-1,-1,-1,-1,-1,-1,-1,-1,-1,-1,-1,-1,-1,-1,-1,-1,-1,-1,-1,-1,-1,-1,-1,-1,-1,-1,-1,-1,-1,-1,-1,-1,-1,-1,5
d,77,Clarinet,Sitar,i-VI-iv-v,1,4,7,2,5,5,2,4,0,4,5,6,5,5,0,7,4,9,4,5,2,5,5,0,5,5,4,0,4,0,6,5,8,2,5,1,2,5,3,0,5,5,3,5,0,5,4,3,4,4,8,2,4,1,3,5,2,1,4,8,-1,-1,-1,-1,-1,-1,-1,-1,-1,-1,-1,-1,-1,-1,-1,-1,-1,-1,-1,-1,-1,-1,-1,-1,-1,-1,-1,-1,-1,-1,-1,-1,-1,-1,-1,-1,3
D,77,Clarinet,Sitar,I-vi-ii-V,2,5,9,1,5,5,2,5,3,0,4,2,5,5,9,3,4,4,3,5,3,6,4,0,5,5,7,0,4,0,7,4,7,7,5,1,2,4,3,0,5,6,3,4,8,-1,-1,-1,-1,-1,-1,-1,-1,-1,-1,-1,-1,-1,-1,-1,-1,-1,-1,-1,-1,-1,-1,-1,-1,-1,-1,-1,-1,-1,-1,-1,-1,-1,-1,-1,-1,-1,-1,-1,-1,-1,-1,-1,-1,-1,-1,-1,-1,-1,-1,-1,3
g,81,Flute,Acoustic Guitar,i-iv-VII-III,1,5,0,5,4,0,1,4,3,2,4,2,0,4,2,4,5,4,2,5,0,4,4,7,3,4,7,5,4,3,5,4,4,2,4,6,3,4,8,4,5,0,6,5,7,1,4,8,7,5,5,2,4,5,1,4,9,-1,-1,-1,-1,-1,-1,-1,-1,-1,-1,-1,-1,-1,-1,-1,-1,-1,-1,-1,-1,-1,-1,-1,-1,-1,-1,-1,-1,-1,-1,-1,-1,-1,-1,-1,-1,-1,-1,-1,5
D,76,Flute,Acoustic Guitar,I-IV-I-V,4,4,1,3,4,5,2,5,0,3,4,3,5,5,2,4,4,9,5,5,0,2,5,0,4,5,0,6,4,0,5,4,4,2,4,1,1,4,9,7,4,3,3,5,3,1,4,8,4,5,1,2,4,6,1,4,9,-1,-1,-1,-1,-1,-1,-1,-1,-1,-1,-1,-1,-1,-1,-1,-1,-1,-1,-1,-1,-1,-1,-1,-1,-1,-1,-1,-1,-1,-1,-1,-1,-1,-1,-1,-1,-1,-1,-1,5
g,174,Clarinet,Sitar,i-VII-VI-VII,4,5,5,3,5,5,2,5,0,7,4,2,4,4,0,0,4,9,5,5,0,4,4,8,3,4,0,5,5,8,3,4,1,5,5,0,1,4,8,7,4,2,7,5,3,4,4,1,4,5,0,2,4,6,1,4,2,-1,-1,-1,-1,-1,-1,-1,-1,-1,-1,-1,-1,-1,-1,-1,-1,-1,-1,-1,-1,-1,-1,-1,-1,-1,-1,-1,-1,-1,-1,-1,-1,-1,-1,-1,-1,-1,-1,-1,3
d,174,Flute,Sitar,i-VI-iv-v,2,5,7,3,4,5,1,5,0,7,4,3,5,5,3,7,4,9,4,5,0,6,4,8,4,5,0,0,5,0,3,5,1,2,5,0,2,4,9,0,4,5,3,5,3,0,4,1,4,5,7,-1,-1,-1,-1,-1,-1,-1,-1,-1,-1,-1,-1,-1,-1,-1,-1,-1,-1,-1,-1,-1,-1,-1,-1,-1,-1,-1,-1,-1,-1,-1,-1,-1,-1,-1,-1,-1,-1,-1,-1,-1,-1,-1,-1,-1,3
g,77,Saxophone,Sitar,i-VI-iv-v,0,4,1,3,5,5,1,5,0,1,5,5,5,5,0,7,5,9,4,5,2,4,4,0,4,4,7,0,4,0,7,4,1,1,4,1,3,5,3,0,5,0,5,5,0,0,4,3,7,5,8,2,4,5,1,5,8,1,4,3,0,4,0,-1,-1,-1,-1,-1,-1,-1,-1,-1,-1,-1,-1,-1,-1,-1,-1,-1,-1,-1,-1,-1,-1,-1,-1,-1,-1,-1,-1,-1,-1,-1,-1,-1,3
g,81,Clarinet,Electric Guitar,i-VI-III-VII,1,4,1,5,4,2,2,4,0,6,4,2,0,4,1,4,5,4,5,5,0,4,4,2,5,4,7,6,4,8,4,4,4,2,4,6,1,5,9,4,4,3,7,5,7,1,4,7,7,5,1,1,4,5,1,5,9,-1,-1,-1,-1,-1,-1,-1,-1,-1,-1,-1,-1,-1,-1,-1,-1,-1,-1,-1,-1,-1,-1,-1,-1,-1,-1,-1,-1,-1,-1,-1,-1,-1,-1,-1,-1,-1,-1,-1,3
D,77,Flute,Acoustic Guitar,I-IV-I-V,4,4,1,5,5,0,2,5,0,3,4,2,5,5,2,7,4,9,4,5,2,4,4,7,3,4,0,6,5,0,2,4,1,2,5,1,1,4,9,6,4,3,3,5,3,4,4,1,4,4,1,2,4,6,1,4,2,1,4,9,-1,-1,-1,-1,-1,-1,-1,-1,-1,-1,-1,-1,-1,-1,-1,-1,-1,-1,-1,-1,-1,-1,-1,-1,-1,-1,-1,-1,-1,-1,-1,-1,-1,-1,-1,-1,3
g,77,Flute,Acoustic Guitar,i-iv-VII-III,4,5,5,3,4,4,2,5,0,7,4,3,5,5,3,7,4,9,4,5,0,4,4,0,3,4,0,0,4,0,3,4,1,5,4,1,1,4,9,7,4,3,7,5,0,1,4,1,4,5,1,2,4,6,1,4,2,0,4,9,-1,-1,-1,-1,-1,-1,-1,-1,-1,-1,-1,-1,-1,-1,-1,-1,-1,-1,-1,-1,-1,-1,-1,-1,-1,-1,-1,-1,-1,-1,-1,-1,-1,-1,-1,-1,4
d,174,Saxophone,Acoustic Guitar,i-v-VI-iv,2,4,7,3,5,5,2,4,0,4,4,3,5,4,2,0,4,9,4,5,0,4,5,0,3,5,4,5,4,0,3,4,1,5,4,0,1,4,3,7,5,3,3,4,0,5,4,3,4,4,1,2,4,1,1,5,2,1,4,9,2,5,0,4,4,4,1,5,8,-1,-1,-1,-1,-1,-1,-1,-1,-1,-1,-1,-1,-1,-1,-1,-1,-1,-1,-1,-1,-1,-1,-1,-1,-1,-1,-1,3
d,81,Saxophone,Sitar,i-iv-v-i,2,4,7,5,5,5,1,5,0,4,4,2,5,5,1,4,4,9,1,4,2,6,4,2,4,4,4,0,4,3,7,4,8,2,5,1,3,5,3,4,5,0,3,5,7,5,4,8,6,5,5,-1,-1,-1,-1,-1,-1,-1,-1,-1,-1,-1,-1,-1,-1,-1,-1,-1,-1,-1,-1,-1,-1,-1,-1,-1,-1,-1,-1,-1,-1,-1,-1,-1,-1,-1,-1,-1,-1,-1,-1,-1,-1,-1,-1,-1,4
g,81,Flute,Electric Guitar,i-iv-VII-III,1,4,0,5,5,2,2,5,3,7,4,2,0,4,2,4,5,5,2,4,2,4,4,2,2,4,7,6,4,3,5,4,4,2,4,6,3,5,8,7,5,0,7,5,3,0,4,8,7,5,1,1,4,5,1,4,8,4,5,3,-1,-1,-1,-1,-1,-1,-1,-1,-1,-1,-1,-1,-1,-1,-1,-1,-1,-1,-1,-1,-1,-1,-1,-1,-1,-1,-1,-1,-1,-1,-1,-1,-1,-1,-1,-1,3
D,77,Clarinet,Acoustic Guitar,I-IV-I-V,2,4,1,5,5,5,2,5,3,7,4,2,4,5,2,3,5,9,4,4,2,4,4,0,3,4,0,0,4,0,3,4,1,2,4,1,1,4,9,6,4,2,7,5,3,0,4,1,4,5,1,2,4,6,1,4,2,0,4,9,-1,-1,-1,-1,-1,-1,-1,-1,-1,-1,-1,-1,-1,-1,-1,-1,-1,-1,-1,-1,-1,-1,-1,-1,-1,-1,-1,-1,-1,-1,-1,-1,-1,-1,-1,-1,4
D,174,Flute,Sitar,I-vi-IV-V,2,5,5,3,4,5,2,4,0,7,4,3,5,4,3,0,4,9,5,5,1,4,5,0,2,5,0,5,4,8,3,4,1,5,4,1,0,4,9,6,4,3,2,5,3,4,4,1,4,5,1,2,4,6,1,4,2,1,4,9,-1,-1,-1,-1,-1,-1,-1,-1,-1,-1,-1,-1,-1,-1,-1,-1,-1,-1,-1,-1,-1,-1,-1,-1,-1,-1,-1,-1,-1,-1,-1,-1,-1,-1,-1,-1,1
d,174,Flute,Acoustic Guitar,i-iv-VII-III,4,5,5,3,4,5,2,5,3,7,5,6,5,4,3,0,4,5,5,5,2,6,5,0,2,5,0,0,5,0,3,4,8,1,5,0,1,5,9,0,4,3,3,5,0,5,4,1,4,5,8,2,4,0,2,5,2,1,4,9,-1,-1,-1,-1,-1,-1,-1,-1,-1,-1,-1,-1,-1,-1,-1,-1,-1,-1,-1,-1,-1,-1,-1,-1,-1,-1,-1,-1,-1,-1,-1,-1,-1,-1,-1,-1,2
d,81,Clarinet,Sitar,i-VI-iv-v,1,4,1,5,5,2,1,4,0,4,5,6,0,5,1,4,4,4,4,5,2,4,5,2,2,5,7,5,4,3,4,4,8,1,4,0,3,5,8,3,5,0,3,5,0,0,4,3,7,4,8,1,4,5,2,5,2,1,4,8,-1,-1,-1,-1,-1,-1,-1,-1,-1,-1,-1,-1,-1,-1,-1,-1,-1,-1,-1,-1,-1,-1,-1,-1,-1,-1,-1,-1,-1,-1,-1,-1,-1,-1,-1,-1,4
C#,81,Flute,Electric Guitar,I-IV-V-I,4,4,1,5,4,2,2,5,0,2,4,2,4,4,2,4,5,4,2,5,2,3,4,2,3,4,0,5,5,3,5,4,4,1,4,0,3,5,9,7,5,3,7,5,3,1,4,8,6,5,5,2,4,5,1,4,7,4,5,3,4,5,1,7,5,7,-1,-1,-1,-1,-1,-1,-1,-1,-1,-1,-1,-1,-1,-1,-1,-1,-1,-1,-1,-1,-1,-1,-1,-1,-1,-1,-1,-1,-1,-1,3
C#,81,Clarinet,Acoustic Guitar,I-IV-I-V,2,4,5,5,4,5,2,5,0,3,4,3,5,4,2,4,4,5,4,5,0,3,4,0,3,4,0,0,5,8,3,4,3,2,4,0,1,4,9,7,4,3,7,5,3,4,4,0,7,5,1,2,4,6,1,4,9,-1,-1,-1,-1,-1,-1,-1,-1,-1,-1,-1,-1,-1,-1,-1,-1,-1,-1,-1,-1,-1,-1,-1,-1,-1,-1,-1,-1,-1,-1,-1,-1,-1,-1,-1,-1,-1,-1,-1,2
g,174,Clarinet,Acoustic Guitar,i-iv-VII-III,4,4,5,3,5,5,2,4,3,7,4,2,4,4,0,7,4,6,5,5,0,4,5,0,3,4,0,5,5,0,3,4,1,5,4,0,1,4,9,7,4,3,3,5,3,4,4,1,4,5,1,2,4,6,1,4,2,1,4,9,3,5,0,0,4,2,1,5,0,4,4,1,-1,-1,-1,-1,-1,-1,-1,-1,-1,-1,-1,-1,-1,-1,-1,-1,-1,-1,-1,-1,-1,-1,-1,-1,2
d,77,Saxophone,Organ,i-VI-iv-v,2,4,5,3,5,0,2,5,0,4,4,3,5,4,3,0,4,9,5,4,0,5,4,8,4,4,3,5,4,8,3,5,8,5,4,1,1,4,8,0,5,5,7,5,3,-1,-1,-1,-1,-1,-1,-1,-1,-1,-1,-1,-1,-1,-1,-1,-1,-1,-1,-1,-1,-1,-1,-1,-1,-1,-1,-1,-1,-1,-1,-1,-1,-1,-1,-1,-1,-1,-1,-1,-1,-1,-1,-1,-1,-1,-1,-1,-1,-1,-1,-1,3
g,81,Clarinet,Sitar,i-VI-iv-v,1,4,7,5,5,2,2,4,0,3,5,6,0,5,0,7,5,4,2,5,2,4,5,0,4,5,7,5,4,0,7,5,8,2,4,5,3,4,8,0,5,0,5,5,7,0,4,3,4,4,8,2,4,1,-1,-1,-1,-1,-1,-1,-1,-1,-1,-1,-1,-1,-1,-1,-1,-1,-1,-1,-1,-1,-1,-1,-1,-1,-1,-1,-1,-1,-1,-1,-1,-1,-1,-1,-1,-1,-1,-1,-1,-1,-1,-1,3
C#,81,Saxophone,Electric Guitar,I-IV-I-V,4,4,1,5,4,0,2,4,3,2,4,2,5,4,0,4,5,5,2,5,2,3,4,2,3,4,7,6,5,3,5,4,1,2,4,5,3,4,9,7,4,3,5,5,7,1,4,8,6,5,1,1,4,6,1,4,8,-1,-1,-1,-1,-1,-1,-1,-1,-1,-1,-1,-1,-1,-1,-1,-1,-1,-1,-1,-1,-1,-1,-1,-1,-1,-1,-1,-1,-1,-1,-1,-1,-1,-1,-1,-1,-1,-1,-1,3
c#,77,Saxophone,Acoustic Guitar,i-iv-VII-III,4,4,1,4,4,5,2,5,0,3,4,3,5,5,2,7,4,5,5,5,0,4,5,0,5,4,0,0,4,8,5,4,4,2,5,0,1,4,9,6,4,3,3,5,3,1,4,1,4,4,1,2,4,6,1,4,2,1,4,8,4,4,1,7,5,2,6,4,9,-1,-1,-1,-1,-1,-1,-1,-1,-1,-1,-1,-1,-1,-1,-1,-1,-1,-1,-1,-1,-1,-1,-1,-1,-1,-1,-1,4
c#,174,Clarinet,Acoustic Guitar,i-iv-VII-III,2,5,5,3,5,0,2,4,0,3,4,3,4,4,3,0,4,8,5,5,0,4,4,0,3,4,0,0,5,0,3,4,1,2,4,0,1,4,9,6,4,3,7,5,0,1,4,1,3,5,1,2,4,6,1,4,2,1,4,8,3,5,0,1,4,2,1,5,9,-1,-1,-1,-1,-1,-1,-1,-1,-1,-1,-1,-1,-1,-1,-1,-1,-1,-1,-1,-1,-1,-1,-1,-1,-1,-1,-1,3
d,174,Flute,Sitar,i-VI-iv-v,4,5,5,3,4,5,1,5,0,4,5,6,5,4,3,7,4,6,5,5,2,6,5,0,3,5,4,5,5,0,7,5,1,2,4,1,2,5,3,0,4,5,7,4,0,1,4,1,4,5,8,2,4,1,1,5,1,0,4,9,4,5,0,1,4,2,4,4,0,1,4,1,2,4,5,-1,-1,-1,-1,-1,-1,-1,-1,-1,-1,-1,-1,-1,-1,-1,-1,-1,-1,-1,-1,-1,2
g,81,Flute,Acoustic Guitar,i-iv-VII-III,1,5,0,5,4,0,1,4,3,2,4,2,0,4,2,4,5,4,2,5,0,4,4,7,3,4,7,5,4,3,5,4,4,2,4,6,3,4,8,4,5,0,6,5,7,1,4,8,7,5,5,2,4,5,1,4,9,-1,-1,-1,-1,-1,-1,-1,-1,-1,-1,-1,-1,-1,-1,-1,-1,-1,-1,-1,-1,-1,-1,-1,-1,-1,-1,-1,-1,-1,-1,-1,-1,-1,-1,-1,-1,-1,-1,-1,4
D,76,Flute,Acoustic Guitar,I-IV-I-V,4,4,1,3,4,5,2,5,0,3,4,3,5,5,2,4,4,9,5,5,0,2,5,0,4,5,0,6,4,0,5,4,4,2,4,1,1,4,9,7,4,3,3,5,3,1,4,8,4,5,1,2,4,6,1,4,9,-1,-1,-1,-1,-1,-1,-1,-1,-1,-1,-1,-1,-1,-1,-1,-1,-1,-1,-1,-1,-1,-1,-1,-1,-1,-1,-1,-1,-1,-1,-1,-1,-1,-1,-1,-1,-1,-1,-1,5
g,174,Clarinet,Sitar,i-VII-VI-VII,4,5,5,3,5,5,2,5,0,7,4,2,4,4,0,0,4,9,5,5,0,4,4,8,3,4,0,5,5,8,3,4,1,5,5,0,1,4,8,7,4,2,7,5,3,4,4,1,4,5,0,2,4,6,1,4,2,-1,-1,-1,-1,-1,-1,-1,-1,-1,-1,-1,-1,-1,-1,-1,-1,-1,-1,-1,-1,-1,-1,-1,-1,-1,-1,-1,-1,-1,-1,-1,-1,-1,-1,-1,-1,-1,-1,-1,2
d,174,Flute,Sitar,i-VI-iv-v,2,5,7,3,4,5,1,5,0,7,4,3,5,5,3,7,4,9,4,5,0,6,4,8,4,5,0,0,5,0,3,5,1,2,5,0,2,4,9,0,4,5,3,5,3,0,4,1,4,5,7,-1,-1,-1,-1,-1,-1,-1,-1,-1,-1,-1,-1,-1,-1,-1,-1,-1,-1,-1,-1,-1,-1,-1,-1,-1,-1,-1,-1,-1,-1,-1,-1,-1,-1,-1,-1,-1,-1,-1,-1,-1,-1,-1,-1,-1,2
g,77,Saxophone,Sitar,i-VI-iv-v,0,4,1,3,5,5,1,5,0,1,5,5,5,5,0,7,5,9,4,5,2,4,4,0,4,4,7,0,4,0,7,4,1,1,4,1,3,5,3,0,5,0,5,5,0,0,4,3,7,5,8,2,4,5,1,5,8,1,4,3,0,4,0,-1,-1,-1,-1,-1,-1,-1,-1,-1,-1,-1,-1,-1,-1,-1,-1,-1,-1,-1,-1,-1,-1,-1,-1,-1,-1,-1,-1,-1,-1,-1,-1,-1,2
g,81,Clarinet,Electric Guitar,i-VI-III-VII,1,4,1,5,4,2,2,4,0,6,4,2,0,4,1,4,5,4,5,5,0,4,4,2,5,4,7,6,4,8,4,4,4,2,4,6,1,5,9,4,4,3,7,5,7,1,4,7,7,5,1,1,4,5,1,5,9,-1,-1,-1,-1,-1,-1,-1,-1,-1,-1,-1,-1,-1,-1,-1,-1,-1,-1,-1,-1,-1,-1,-1,-1,-1,-1,-1,-1,-1,-1,-1,-1,-1,-1,-1,-1,-1,-1,-1,2
D,77,Flute,Acoustic Guitar,I-IV-I-V,4,4,1,5,5,0,2,5,0,3,4,2,5,5,2,7,4,9,4,5,2,4,4,7,3,4,0,6,5,0,2,4,1,2,5,1,1,4,9,6,4,3,3,5,3,4,4,1,4,4,1,2,4,6,1,4,2,1,4,9,-1,-1,-1,-1,-1,-1,-1,-1,-1,-1,-1,-1,-1,-1,-1,-1,-1,-1,-1,-1,-1,-1,-1,-1,-1,-1,-1,-1,-1,-1,-1,-1,-1,-1,-1,-1,3
g,77,Flute,Acoustic Guitar,i-iv-VII-III,4,5,5,3,4,4,2,5,0,7,4,3,5,5,3,7,4,9,4,5,0,4,4,0,3,4,0,0,4,0,3,4,1,5,4,1,1,4,9,7,4,3,7,5,0,1,4,1,4,5,1,2,4,6,1,4,2,0,4,9,-1,-1,-1,-1,-1,-1,-1,-1,-1,-1,-1,-1,-1,-1,-1,-1,-1,-1,-1,-1,-1,-1,-1,-1,-1,-1,-1,-1,-1,-1,-1,-1,-1,-1,-1,-1,4
d,81,Saxophone,Sitar,i-iv-v-i,2,4,7,5,5,5,1,5,0,4,4,2,5,5,1,4,4,9,1,4,2,6,4,2,4,4,4,0,4,3,7,4,8,2,5,1,3,5,3,4,5,0,3,5,7,5,4,8,6,5,5,-1,-1,-1,-1,-1,-1,-1,-1,-1,-1,-1,-1,-1,-1,-1,-1,-1,-1,-1,-1,-1,-1,-1,-1,-1,-1,-1,-1,-1,-1,-1,-1,-1,-1,-1,-1,-1,-1,-1,-1,-1,-1,-1,-1,-1,5
g,81,Flute,Electric Guitar,i-iv-VII-III,1,4,0,5,5,2,2,5,3,7,4,2,0,4,2,4,5,5,2,4,2,4,4,2,2,4,7,6,4,3,5,4,4,2,4,6,3,5,8,7,5,0,7,5,3,0,4,8,7,5,1,1,4,5,1,4,8,4,5,3,-1,-1,-1,-1,-1,-1,-1,-1,-1,-1,-1,-1,-1,-1,-1,-1,-1,-1,-1,-1,-1,-1,-1,-1,-1,-1,-1,-1,-1,-1,-1,-1,-1,-1,-1,-1,3
D,174,Flute,Sitar,I-vi-IV-V,2,5,5,3,4,5,2,4,0,7,4,3,5,4,3,0,4,9,5,5,1,4,5,0,2,5,0,5,4,8,3,4,1,5,4,1,0,4,9,6,4,3,2,5,3,4,4,1,4,5,1,2,4,6,1,4,2,1,4,9,-1,-1,-1,-1,-1,-1,-1,-1,-1,-1,-1,-1,-1,-1,-1,-1,-1,-1,-1,-1,-1,-1,-1,-1,-1,-1,-1,-1,-1,-1,-1,-1,-1,-1,-1,-1,1
d,174,Flute,Acoustic Guitar,i-iv-VII-III,4,5,5,3,4,5,2,5,3,7,5,6,5,4,3,0,4,5,5,5,2,6,5,0,2,5,0,0,5,0,3,4,8,1,5,0,1,5,9,0,4,3,3,5,0,5,4,1,4,5,8,2,4,0,2,5,2,1,4,9,-1,-1,-1,-1,-1,-1,-1,-1,-1,-1,-1,-1,-1,-1,-1,-1,-1,-1,-1,-1,-1,-1,-1,-1,-1,-1,-1,-1,-1,-1,-1,-1,-1,-1,-1,-1,2
d,81,Clarinet,Sitar,i-VI-iv-v,1,4,1,5,5,2,1,4,0,4,5,6,0,5,1,4,4,4,4,5,2,4,5,2,2,5,7,5,4,3,4,4,8,1,4,0,3,5,8,3,5,0,3,5,0,0,4,3,7,4,8,1,4,5,2,5,2,1,4,8,-1,-1,-1,-1,-1,-1,-1,-1,-1,-1,-1,-1,-1,-1,-1,-1,-1,-1,-1,-1,-1,-1,-1,-1,-1,-1,-1,-1,-1,-1,-1,-1,-1,-1,-1,-1,3
C#,81,Flute,Electric Guitar,I-IV-V-I,4,4,1,5,4,2,2,5,0,2,4,2,4,4,2,4,5,4,2,5,2,3,4,2,3,4,0,5,5,3,5,4,4,1,4,0,3,5,9,7,5,3,7,5,3,1,4,8,6,5,5,2,4,5,1,4,7,4,5,3,4,5,1,7,5,7,-1,-1,-1,-1,-1,-1,-1,-1,-1,-1,-1,-1,-1,-1,-1,-1,-1,-1,-1,-1,-1,-1,-1,-1,-1,-1,-1,-1,-1,-1,2
C#,81,Clarinet,Acoustic Guitar,I-IV-I-V,2,4,5,5,4,5,2,5,0,3,4,3,5,4,2,4,4,5,4,5,0,3,4,0,3,4,0,0,5,8,3,4,3,2,4,0,1,4,9,7,4,3,7,5,3,4,4,0,7,5,1,2,4,6,1,4,9,-1,-1,-1,-1,-1,-1,-1,-1,-1,-1,-1,-1,-1,-1,-1,-1,-1,-1,-1,-1,-1,-1,-1,-1,-1,-1,-1,-1,-1,-1,-1,-1,-1,-1,-1,-1,-1,-1,-1,2
g,174,Clarinet,Acoustic Guitar,i-iv-VII-III,4,4,5,3,5,5,2,4,3,7,4,2,4,4,0,7,4,6,5,5,0,4,5,0,3,4,0,5,5,0,3,4,1,5,4,0,1,4,9,7,4,3,3,5,3,4,4,1,4,5,1,2,4,6,1,4,2,1,4,9,3,5,0,0,4,2,1,5,0,4,4,1,-1,-1,-1,-1,-1,-1,-1,-1,-1,-1,-1,-1,-1,-1,-1,-1,-1,-1,-1,-1,-1,-1,-1,-1,3
g,81,Clarinet,Sitar,i-VI-iv-v,1,4,7,5,5,2,2,4,0,3,5,6,0,5,0,7,5,4,2,5,2,4,5,0,4,5,7,5,4,0,7,5,8,2,4,5,3,4,8,0,5,0,5,5,7,0,4,3,4,4,8,2,4,1,-1,-1,-1,-1,-1,-1,-1,-1,-1,-1,-1,-1,-1,-1,-1,-1,-1,-1,-1,-1,-1,-1,-1,-1,-1,-1,-1,-1,-1,-1,-1,-1,-1,-1,-1,-1,-1,-1,-1,-1,-1,-1,4
C#,81,Saxophone,Electric Guitar,I-IV-I-V,4,4,1,5,4,0,2,4,3,2,4,2,5,4,0,4,5,5,2,5,2,3,4,2,3,4,7,6,5,3,5,4,1,2,4,5,3,4,9,7,4,3,5,5,7,1,4,8,6,5,1,1,4,6,1,4,8,-1,-1,-1,-1,-1,-1,-1,-1,-1,-1,-1,-1,-1,-1,-1,-1,-1,-1,-1,-1,-1,-1,-1,-1,-1,-1,-1,-1,-1,-1,-1,-1,-1,-1,-1,-1,-1,-1,-1,2
c#,77,Saxophone,Acoustic Guitar,i-iv-VII-III,4,4,1,4,4,5,2,5,0,3,4,3,5,5,2,7,4,5,5,5,0,4,5,0,5,4,0,0,4,8,5,4,4,2,5,0,1,4,9,6,4,3,3,5,3,1,4,1,4,4,1,2,4,6,1,4,2,1,4,8,4,4,1,7,5,2,6,4,9,-1,-1,-1,-1,-1,-1,-1,-1,-1,-1,-1,-1,-1,-1,-1,-1,-1,-1,-1,-1,-1,-1,-1,-1,-1,-1,-1,5
c#,174,Clarinet,Acoustic Guitar,i-iv-VII-III,2,5,5,3,5,0,2,4,0,3,4,3,4,4,3,0,4,8,5,5,0,4,4,0,3,4,0,0,5,0,3,4,1,2,4,0,1,4,9,6,4,3,7,5,0,1,4,1,3,5,1,2,4,6,1,4,2,1,4,8,3,5,0,1,4,2,1,5,9,-1,-1,-1,-1,-1,-1,-1,-1,-1,-1,-1,-1,-1,-1,-1,-1,-1,-1,-1,-1,-1,-1,-1,-1,-1,-1,-1,2
d,174,Flute,Sitar,i-VI-iv-v,4,5,5,3,4,5,1,5,0,4,5,6,5,4,3,7,4,6,5,5,2,6,5,0,3,5,4,5,5,0,7,5,1,2,4,1,2,5,3,0,4,5,7,4,0,1,4,1,4,5,8,2,4,1,1,5,1,0,4,9,4,5,0,1,4,2,4,4,0,1,4,1,2,4,5,-1,-1,-1,-1,-1,-1,-1,-1,-1,-1,-1,-1,-1,-1,-1,-1,-1,-1,-1,-1,-1,2
d#,184,Mezzo-Soprano,Sitar,i-v-VI-iv,6,4,1,6,5,8,4,4,5,2,4,1,7,4,1,1,4,4,1,4,9,4,5,4,2,4,4,6,4,4,5,4,3,1,5,3,3,4,3,5,4,6,6,5,5,3,5,4,2,4,4,3,5,0,4,5,7,4,4,6,-1,-1,-1,-1,-1,-1,-1,-1,-1,-1,-1,-1,-1,-1,-1,-1,-1,-1,-1,-1,-1,-1,-1,-1,-1,-1,-1,-1,-1,-1,-1,-1,-1,-1,-1,-1,4
c,152,Xylophone,Acoustic Guitar,i-VII-VI-VII,3,5,6,4,4,2,4,4,4,0,5,8,0,4,8,6,5,9,3,4,3,5,5,3,1,4,3,4,4,4,6,5,6,0,5,4,4,5,7,3,4,7,5,4,6,-1,-1,-1,-1,-1,-1,-1,-1,-1,-1,-1,-1,-1,-1,-1,-1,-1,-1,-1,-1,-1,-1,-1,-1,-1,-1,-1,-1,-1,-1,-1,-1,-1,-1,-1,-1,-1,-1,-1,-1,-1,-1,-1,-1,-1,-1,-1,-1,-1,-1,-1,5
a#,90,Violin,Piano,i-v-VI-iv,1,4,4,1,4,4,6,4,9,2,5,2,1,5,5,4,4,7,7,5,3,0,4,6,6,4,3,4,5,6,5,5,2,7,5,3,3,4,2,6,4,4,2,4,8,4,4,5,4,5,4,7,5,6,-1,-1,-1,-1,-1,-1,-1,-1,-1,-1,-1,-1,-1,-1,-1,-1,-1,-1,-1,-1,-1,-1,-1,-1,-1,-1,-1,-1,-1,-1,-1,-1,-1,-1,-1,-1,-1,-1,-1,-1,-1,-1,4
G#,192,Flute,Sitar,I-IV-I-V,4,4,1,1,4,0,0,5,2,7,5,2,7,4,2,3,5,1,7,5,3,7,4,5,4,5,3,1,5,2,2,5,4,4,4,5,3,5,3,7,4,0,7,5,7,5,4,2,2,4,9,0,5,6,4,5,1,6,4,6,3,5,3,0,5,1,5,5,7,-1,-1,-1,-1,-1,-1,-1,-1,-1,-1,-1,-1,-1,-1,-1,-1,-1,-1,-1,-1,-1,-1,-1,-1,-1,-1,-1,3
D#,201,Xylophone,Electric Guitar,I-V-IV-V,2,5,2,2,4,4,4,4,5,2,4,4,7,4,7,6,4,1,6,4,8,0,5,0,6,5,5,7,4,8,0,5,9,0,4,7,2,5,8,-1,-1,-1,-1,-1,-1,-1,-1,-1,-1,-1,-1,-1,-1,-1,-1,-1,-1,-1,-1,-1,-1,-1,-1,-1,-1,-1,-1,-1,-1,-1,-1,-1,-1,-1,-1,-1,-1,-1,-1,-1,-1,-1,-1,-1,-1,-1,-1,-1,-1,-1,-1,-1,-1,-1,-1,-1,2
E,214,Mezzo-Soprano,Piano,I-V-vi-IV,5,4,7,6,4,0,2,4,5,2,5,7,7,4,8,7,5,4,6,4,4,4,4,5,7,5,2,3,5,9,0,4,6,1,5,7,4,5,8,-1,-1,-1,-1,-1,-1,-1,-1,-1,-1,-1,-1,-1,-1,-1,-1,-1,-1,-1,-1,-1,-1,-1,-1,-1,-1,-1,-1,-1,-1,-1,-1,-1,-1,-1,-1,-1,-1,-1,-1,-1,-1,-1,-1,-1,-1,-1,-1,-1,-1,-1,-1,-1,-1,-1,-1,-1,2
G#,203,Xylophone,Electric Guitar,I-V-vi-IV,0,5,9,0,5,6,5,5,9,7,5,2,1,5,1,7,5,9,1,4,6,6,5,4,2,5,9,3,5,5,-1,-1,-1,-1,-1,-1,-1,-1,-1,-1,-1,-1,-1,-1,-1,-1,-1,-1,-1,-1,-1,-1,-1,-1,-1,-1,-1,-1,-1,-1,-1,-1,-1,-1,-1,-1,-1,-1,-1,-1,-1,-1,-1,-1,-1,-1,-1,-1,-1,-1,-1,-1,-1,-1,-1,-1,-1,-1,-1,-1,-1,-1,-1,-1,-1,-1,3
C#,173,Electric Guitar,Acoustic Guitar,I-vi-ii-V,2,5,4,3,4,1,1,5,1,2,5,6,4,5,2,0,5,8,0,4,8,1,4,9,5,4,6,5,5,2,6,5,5,7,4,9,1,5,5,-1,-1,-1,-1,-1,-1,-1,-1,-1,-1,-1,-1,-1,-1,-1,-1,-1,-1,-1,-1,-1,-1,-1,-1,-1,-1,-1,-1,-1,-1,-1,-1,-1,-1,-1,-1,-1,-1,-1,-1,-1,-1,-1,-1,-1,-1,-1,-1,-1,-1,-1,-1,-1,-1,-1,-1,-1,2
d#,197,Xylophone,Organ,i-v-VI-iv,5,4,7,0,4,7,2,4,5,7,4,3,2,4,8,5,4,8,7,4,3,1,4,4,4,4,5,0,4,1,6,5,5,6,4,6,4,4,3,6,4,0,1,5,2,4,5,0,1,5,6,1,4,7,-1,-1,-1,-1,-1,-1,-1,-1,-1,-1,-1,-1,-1,-1,-1,-1,-1,-1,-1,-1,-1,-1,-1,-1,-1,-1,-1,-1,-1,-1,-1,-1,-1,-1,-1,-1,-1,-1,-1,-1,-1,-1,2
E,203,Saxophone,Electric Guitar,I-V-vi-IV,4,4,2,5,5,2,6,5,0,3,5,4,3,4,2,4,5,3,3,4,3,3,5,1,5,5,8,6,5,0,2,4,6,6,5,4,4,4,9,3,5,5,6,5,7,3,5,7,5,4,0,4,4,6,4,4,3,-1,-1,-1,-1,-1,-1,-1,-1,-1,-1,-1,-1,-1,-1,-1,-1,-1,-1,-1,-1,-1,-1,-1,-1,-1,-1,-1,-1,-1,-1,-1,-1,-1,-1,-1,-1,-1,-1,-1,1
d#,124,Xylophone,Electric Guitar,i-iv-v-i,0,4,8,4,4,7,3,4,1,1,4,6,1,4,5,7,4,6,7,4,9,6,4,2,5,5,3,6,5,1,6,5,0,4,4,2,3,4,9,5,5,7,-1,-1,-1,-1,-1,-1,-1,-1,-1,-1,-1,-1,-1,-1,-1,-1,-1,-1,-1,-1,-1,-1,-1,-1,-1,-1,-1,-1,-1,-1,-1,-1,-1,-1,-1,-1,-1,-1,-1,-1,-1,-1,-1,-1,-1,-1,-1,-1,-1,-1,-1,-1,-1,-1,4
D#,160,Violin,Acoustic Guitar,I-ii-V-I,1,5,9,6,4,4,6,5,6,2,4,0,5,5,1,0,4,2,1,4,0,5,4,7,7,4,1,1,5,4,0,5,8,7,5,4,4,4,3,2,5,9,7,5,4,4,4,0,4,4,8,-1,-1,-1,-1,-1,-1,-1,-1,-1,-1,-1,-1,-1,-1,-1,-1,-1,-1,-1,-1,-1,-1,-1,-1,-1,-1,-1,-1,-1,-1,-1,-1,-1,-1,-1,-1,-1,-1,-1,-1,-1,-1,-1,-1,-1,2
D#,80,Electric Guitar,Electric Guitar,I-V-IV-V,6,4,6,1,5,1,0,4,5,2,5,0,2,5,3,2,4,7,4,4,9,1,5,2,5,5,0,3,5,0,1,4,4,5,4,3,1,5,3,1,5,1,7,4,3,1,5,3,0,4,1,6,5,4,3,4,2,2,4,6,3,4,5,4,4,5,7,4,1,6,4,2,-1,-1,-1,-1,-1,-1,-1,-1,-1,-1,-1,-1,-1,-1,-1,-1,-1,-1,-1,-1,-1,-1,-1,-1,5
c#,92,Piano,Piano,i-VI-iv-v,1,4,8,7,5,4,3,5,5,4,4,6,1,4,1,2,4,1,6,4,0,6,4,9,5,4,9,1,4,1,5,5,3,0,5,6,3,5,2,0,4,7,1,4,4,3,5,7,-1,-1,-1,-1,-1,-1,-1,-1,-1,-1,-1,-1,-1,-1,-1,-1,-1,-1,-1,-1,-1,-1,-1,-1,-1,-1,-1,-1,-1,-1,-1,-1,-1,-1,-1,-1,-1,-1,-1,-1,-1,-1,-1,-1,-1,-1,-1,-1,5
b,120,Clarinet,Electric Guitar,i-v-VI-iv,6,5,7,2,4,6,6,4,7,1,4,9,7,4,9,2,5,8,6,5,0,3,4,1,4,4,5,6,4,1,2,4,7,6,5,5,-1,-1,-1,-1,-1,-1,-1,-1,-1,-1,-1,-1,-1,-1,-1,-1,-1,-1,-1,-1,-1,-1,-1,-1,-1,-1,-1,-1,-1,-1,-1,-1,-1,-1,-1,-1,-1,-1,-1,-1,-1,-1,-1,-1,-1,-1,-1,-1,-1,-1,-1,-1,-1,-1,-1,-1,-1,-1,-1,-1,2
a#,166,Mezzo-Soprano,Organ,i-v-i-iv,7,4,7,0,5,5,4,4,3,2,4,4,0,4,0,6,5,4,6,5,2,4,4,7,2,5,7,3,5,4,0,4,3,7,4,9,6,4,1,2,4,9,4,5,9,-1,-1,-1,-1,-1,-1,-1,-1,-1,-1,-1,-1,-1,-1,-1,-1,-1,-1,-1,-1,-1,-1,-1,-1,-1,-1,-1,-1,-1,-1,-1,-1,-1,-1,-1,-1,-1,-1,-1,-1,-1,-1,-1,-1,-1,-1,-1,-1,-1,-1,-1,2
c#,116,Clarinet,Electric Guitar,i-VI-iv-v,2,4,4,6,5,3,2,4,9,7,5,4,0,4,2,6,4,4,7,4,9,7,5,6,6,4,4,2,5,2,0,5,7,1,5,2,7,5,8,6,5,8,-1,-1,-1,-1,-1,-1,-1,-1,-1,-1,-1,-1,-1,-1,-1,-1,-1,-1,-1,-1,-1,-1,-1,-1,-1,-1,-1,-1,-1,-1,-1,-1,-1,-1,-1,-1,-1,-1,-1,-1,-1,-1,-1,-1,-1,-1,-1,-1,-1,-1,-1,-1,-1,-1,2
b,164,Mezzo-Soprano,Organ,i-iio-v-i,2,4,0,6,5,5,2,5,4,2,4,2,5,5,9,7,4,6,5,4,7,3,4,5,4,5,4,7,5,0,7,4,8,7,5,4,5,4,9,7,4,6,-1,-1,-1,-1,-1,-1,-1,-1,-1,-1,-1,-1,-1,-1,-1,-1,-1,-1,-1,-1,-1,-1,-1,-1,-1,-1,-1,-1,-1,-1,-1,-1,-1,-1,-1,-1,-1,-1,-1,-1,-1,-1,-1,-1,-1,-1,-1,-1,-1,-1,-1,-1,-1,-1,2
c#,201,Flute,Sitar,i-iv-VII-III,4,4,0,0,4,3,6,4,2,0,5,1,5,5,7,4,4,5,7,5,9,3,5,7,4,5,8,1,5,7,5,5,1,3,4,8,0,4,0,2,5,0,7,4,4,5,5,8,-1,-1,-1,-1,-1,-1,-1,-1,-1,-1,-1,-1,-1,-1,-1,-1,-1,-1,-1,-1,-1,-1,-1,-1,-1,-1,-1,-1,-1,-1,-1,-1,-1,-1,-1,-1,-1,-1,-1,-1,-1,-1,-1,-1,-1,-1,-1,-1,2
c,116,Violin,Electric Guitar,i-v-VI-iv,4,4,8,2,5,8,4,4,2,0,5,9,3,5,9,3,5,2,3,5,8,2,4,8,4,4,5,-1,-1,-1,-1,-1,-1,-1,-1,-1,-1,-1,-1,-1,-1,-1,-1,-1,-1,-1,-1,-1,-1,-1,-1,-1,-1,-1,-1,-1,-1,-1,-1,-1,-1,-1,-1,-1,-1,-1,-1,-1,-1,-1,-1,-1,-1,-1,-1,-1,-1,-1,-1,-1,-1,-1,-1,-1,-1,-1,-1,-1,-1,-1,-1,-1,-1,-1,-1,-1,3
c#,80,Electric Guitar,Piano,i-iio-v-i,6,4,8,7,5,4,2,4,5,2,4,6,2,4,1,2,4,0,6,4,9,1,5,2,5,4,0,1,5,1,5,5,4,0,4,3,3,5,3,0,4,1,1,4,3,1,5,7,4,4,1,6,4,2,4,4,0,2,5,5,2,4,5,4,4,5,-1,-1,-1,-1,-1,-1,-1,-1,-1,-1,-1,-1,-1,-1,-1,-1,-1,-1,-1,-1,-1,-1,-1,-1,-1,-1,-1,-1,-1,-1,4
b,80,Clarinet,Electric Guitar,i-iio-v-i,5,5,7,2,5,0,6,4,5,1,4,0,7,4,8,2,4,7,6,4,8,3,5,2,4,4,5,2,4,0,2,4,7,5,4,3,7,5,1,7,5,1,4,5,2,1,5,6,0,5,9,-1,-1,-1,-1,-1,-1,-1,-1,-1,-1,-1,-1,-1,-1,-1,-1,-1,-1,-1,-1,-1,-1,-1,-1,-1,-1,-1,-1,-1,-1,-1,-1,-1,-1,-1,-1,-1,-1,-1,-1,-1,-1,-1,-1,-1,1
c,120,Clarinet,Electric Guitar,i-v-VI-iv,6,4,8,2,5,6,4,4,2,1,4,9,3,4,9,1,5,2,6,5,0,2,4,1,4,4,4,6,5,1,0,4,0,4,4,5,6,4,5,6,4,1,4,4,4,6,4,6,5,4,2,6,5,7,-1,-1,-1,-1,-1,-1,-1,-1,-1,-1,-1,-1,-1,-1,-1,-1,-1,-1,-1,-1,-1,-1,-1,-1,-1,-1,-1,-1,-1,-1,-1,-1,-1,-1,-1,-1,-1,-1,-1,-1,-1,-1,1
c,116,Xylophone,Electric Guitar,i-v-VI-iv,4,4,8,2,5,8,4,5,2,7,5,1,3,5,9,7,4,1,1,5,8,6,5,7,2,4,5,4,5,1,2,4,4,4,4,7,2,4,7,-1,-1,-1,-1,-1,-1,-1,-1,-1,-1,-1,-1,-1,-1,-1,-1,-1,-1,-1,-1,-1,-1,-1,-1,-1,-1,-1,-1,-1,-1,-1,-1,-1,-1,-1,-1,-1,-1,-1,-1,-1,-1,-1,-1,-1,-1,-1,-1,-1,-1,-1,-1,-1,-1,-1,-1,-1,3
g,92,Xylophone,Piano,i-VI-iv-v,0,5,8,7,5,4,3,5,5,7,4,6,1,5,1,7,5,1,6,4,0,6,4,4,2,5,9,1,5,1,1,4,3,6,5,6,3,5,2,0,5,7,1,4,3,0,4,7,3,5,7,-1,-1,-1,-1,-1,-1,-1,-1,-1,-1,-1,-1,-1,-1,-1,-1,-1,-1,-1,-1,-1,-1,-1,-1,-1,-1,-1,-1,-1,-1,-1,-1,-1,-1,-1,-1,-1,-1,-1,-1,-1,-1,-1,-1,-1,4
D#,79,Electric Guitar,Electric Guitar,I-vi-ii-V,6,4,6,0,5,3,3,4,5,4,5,0,0,4,1,2,4,1,6,4,0,6,4,2,5,4,9,3,4,0,0,4,4,0,4,6,2,5,3,1,4,7,1,4,3,1,5,3,0,4,2,0,5,1,3,4,0,2,4,6,3,4,5,4,4,4,7,4,1,0,4,5,-1,-1,-1,-1,-1,-1,-1,-1,-1,-1,-1,-1,-1,-1,-1,-1,-1,-1,-1,-1,-1,-1,-1,-1,3
D#,80,Electric Guitar,Electric Guitar,I-ii-V-I,6,5,7,2,4,1,6,4,5,1,4,0,7,5,3,1,4,8,5,4,0,3,4,2,5,4,0,6,5,0,2,4,4,4,4,5,1,5,3,7,5,7,4,4,3,0,5,6,0,4,9,0,5,6,7,4,3,-1,-1,-1,-1,-1,-1,-1,-1,-1,-1,-1,-1,-1,-1,-1,-1,-1,-1,-1,-1,-1,-1,-1,-1,-1,-1,-1,-1,-1,-1,-1,-1,-1,-1,-1,-1,-1,-1,-1,1
C,120,Clarinet,Electric Guitar,I-ii-V-I,6,5,7,2,5,6,4,4,2,0,4,9,7,5,9,2,5,8,6,5,8,2,4,7,3,4,5,6,5,1,1,4,7,-1,-1,-1,-1,-1,-1,-1,-1,-1,-1,-1,-1,-1,-1,-1,-1,-1,-1,-1,-1,-1,-1,-1,-1,-1,-1,-1,-1,-1,-1,-1,-1,-1,-1,-1,-1,-1,-1,-1,-1,-1,-1,-1,-1,-1,-1,-1,-1,-1,-1,-1,-1,-1,-1,-1,-1,-1,-1,-1,-1,-1,-1,-1,1
G#,116,Violin,Electric Guitar,I-V-vi-IV,4,4,8,0,5,6,5,5,9,7,5,9,3,5,1,7,5,2,1,4,6,6,5,7,4,4,5,3,4,1,2,4,0,3,4,0,6,4,6,0,4,0,2,5,2,4,5,5,-1,-1,-1,-1,-1,-1,-1,-1,-1,-1,-1,-1,-1,-1,-1,-1,-1,-1,-1,-1,-1,-1,-1,-1,-1,-1,-1,-1,-1,-1,-1,-1,-1,-1,-1,-1,-1,-1,-1,-1,-1,-1,-1,-1,-1,-1,-1,-1,2
G#,203,Xylophone,Piano,I-V-vi-IV,1,4,9,0,5,6,3,5,5,7,4,6,1,5,0,6,5,0,6,4,6,5,4,4,5,4,9,1,5,1,2,4,3,0,5,6,2,5,7,1,5,1,2,4,4,3,5,7,-1,-1,-1,-1,-1,-1,-1,-1,-1,-1,-1,-1,-1,-1,-1,-1,-1,-1,-1,-1,-1,-1,-1,-1,-1,-1,-1,-1,-1,-1,-1,-1,-1,-1,-1,-1,-1,-1,-1,-1,-1,-1,-1,-1,-1,-1,-1,-1,3
D#,80,Piano,Piano,I-vi-ii-V,1,4,6,1,5,4,0,5,5,2,5,0,2,5,3,2,4,1,6,4,0,1,4,8,5,4,0,3,5,1,0,4,3,0,5,6,3,4,2,0,5,6,0,4,3,1,4,3,5,4,2,6,5,2,3,4,2,2,5,7,3,4,5,4,4,4,7,4,1,6,4,2,1,4,2,-1,-1,-1,-1,-1,-1,-1,-1,-1,-1,-1,-1,-1,-1,-1,-1,-1,-1,-1,-1,-1,5
b,80,Electric Guitar,Electric Guitar,i-v-VI-iv,5,5,6,1,4,1,6,4,4,2,4,0,2,4,2,2,4,7,3,4,9,1,5,1,4,4,5,6,5,0,2,4,7,5,5,3,7,4,0,1,5,1,4,4,3,1,4,6,0,5,9,5,4,7,-1,-1,-1,-1,-1,-1,-1,-1,-1,-1,-1,-1,-1,-1,-1,-1,-1,-1,-1,-1,-1,-1,-1,-1,-1,-1,-1,-1,-1,-1,-1,-1,-1,-1,-1,-1,-1,-1,-1,-1,-1,-1,4
c,120,Violin,Electric Guitar,i-v-VI-iv,4,5,7,2,4,8,6,4,2,1,4,9,3,5,8,2,5,8,6,5,8,3,4,1,4,4,4,4,5,1,2,4,7,4,4,8,-1,-1,-1,-1,-1,-1,-1,-1,-1,-1,-1,-1,-1,-1,-1,-1,-1,-1,-1,-1,-1,-1,-1,-1,-1,-1,-1,-1,-1,-1,-1,-1,-1,-1,-1,-1,-1,-1,-1,-1,-1,-1,-1,-1,-1,-1,-1,-1,-1,-1,-1,-1,-1,-1,-1,-1,-1,-1,-1,-1,3
G#,116,Electric Guitar,Electric Guitar,I-ii-V-I,0,4,8,0,5,8,5,5,2,0,5,9,0,5,9,7,4,1,3,4,8,6,5,3,2,4,9,-1,-1,-1,-1,-1,-1,-1,-1,-1,-1,-1,-1,-1,-1,-1,-1,-1,-1,-1,-1,-1,-1,-1,-1,-1,-1,-1,-1,-1,-1,-1,-1,-1,-1,-1,-1,-1,-1,-1,-1,-1,-1,-1,-1,-1,-1,-1,-1,-1,-1,-1,-1,-1,-1,-1,-1,-1,-1,-1,-1,-1,-1,-1,-1,-1,-1,-1,-1,-1,1
c#,203,Xylophone,Piano,i-VI-iv-v,1,4,8,0,5,4,3,5,5,4,5,6,1,5,1,1,4,9,6,4,6,6,5,4,2,5,9,1,4,5,2,5,3,6,4,0,3,5,7,0,4,0,1,5,4,-1,-1,-1,-1,-1,-1,-1,-1,-1,-1,-1,-1,-1,-1,-1,-1,-1,-1,-1,-1,-1,-1,-1,-1,-1,-1,-1,-1,-1,-1,-1,-1,-1,-1,-1,-1,-1,-1,-1,-1,-1,-1,-1,-1,-1,-1,-1,-1,-1,-1,-1,2
D#,80,Piano,Electric Guitar,I-vi-ii-V,6,4,6,1,5,4,0,5,5,4,5,0,1,5,1,2,4,7,4,4,0,1,5,2,5,4,0,3,5,0,5,5,3,5,4,3,1,5,2,0,4,1,1,4,3,1,5,7,5,4,1,6,5,2,3,4,2,2,4,6,7,5,1,3,4,4,4,4,0,0,4,5,3,4,0,7,4,3,7,4,6,0,4,1,0,5,3,-1,-1,-1,-1,-1,-1,-1,-1,-1,3
d,120,Clarinet,Electric Guitar,i-v-VI-iv,6,4,7,2,4,1,0,4,5,2,5,9,7,4,9,2,4,8,4,5,9,3,5,2,5,4,0,6,5,1,1,4,7,-1,-1,-1,-1,-1,-1,-1,-1,-1,-1,-1,-1,-1,-1,-1,-1,-1,-1,-1,-1,-1,-1,-1,-1,-1,-1,-1,-1,-1,-1,-1,-1,-1,-1,-1,-1,-1,-1,-1,-1,-1,-1,-1,-1,-1,-1,-1,-1,-1,-1,-1,-1,-1,-1,-1,-1,-1,-1,-1,-1,-1,-1,-1,1
b,116,Violin,Electric Guitar,i-v-VI-iv,4,5,7,2,4,6,4,4,7,1,5,9,7,4,9,2,5,2,6,5,0,2,4,7,4,4,5,6,5,1,1,4,0,6,4,8,6,4,6,-1,-1,-1,-1,-1,-1,-1,-1,-1,-1,-1,-1,-1,-1,-1,-1,-1,-1,-1,-1,-1,-1,-1,-1,-1,-1,-1,-1,-1,-1,-1,-1,-1,-1,-1,-1,-1,-1,-1,-1,-1,-1,-1,-1,-1,-1,-1,-1,-1,-1,-1,-1,-1,-1,-1,-1,-1,3
c,115,Xylophone,Electric Guitar,i-v-VI-iv,4,4,8,0,5,7,5,4,9,7,5,9,1,5,9,3,5,8,2,5,8,-1,-1,-1,-1,-1,-1,-1,-1,-1,-1,-1,-1,-1,-1,-1,-1,-1,-1,-1,-1,-1,-1,-1,-1,-1,-1,-1,-1,-1,-1,-1,-1,-1,-1,-1,-1,-1,-1,-1,-1,-1,-1,-1,-1,-1,-1,-1,-1,-1,-1,-1,-1,-1,-1,-1,-1,-1,-1,-1,-1,-1,-1,-1,-1,-1,-1,-1,-1,-1,-1,-1,-1,-1,-1,-1,1
d,120,Clarinet,Electric Guitar,i-v-VI-iv,6,4,6,2,4,6,4,4,5,0,5,8,7,4,9,2,4,8,4,5,8,2,4,1,3,4,4,5,5,1,1,4,7,4,4,8,-1,-1,-1,-1,-1,-1,-1,-1,-1,-1,-1,-1,-1,-1,-1,-1,-1,-1,-1,-1,-1,-1,-1,-1,-1,-1,-1,-1,-1,-1,-1,-1,-1,-1,-1,-1,-1,-1,-1,-1,-1,-1,-1,-1,-1,-1,-1,-1,-1,-1,-1,-1,-1,-1,-1,-1,-1,-1,-1,-1,2
d,120,Clarinet,Electric Guitar,i-v-VI-iv,5,4,7,2,4,4,2,4,5,2,5,9,7,4,1,2,4,1,6,4,0,6,4,9,5,4,9,1,5,1,5,5,7,0,4,6,0,5,3,-1,-1,-1,-1,-1,-1,-1,-1,-1,-1,-1,-1,-1,-1,-1,-1,-1,-1,-1,-1,-1,-1,-1,-1,-1,-1,-1,-1,-1,-1,-1,-1,-1,-1,-1,-1,-1,-1,-1,-1,-1,-1,-1,-1,-1,-1,-1,-1,-1,-1,-1,-1,-1,-1,-1,-1,-1,2
D#,92,Piano,Acoustic Guitar,I-vi-ii-V,1,4,8,1,5,4,0,4,5,4,4,0,1,5,0,2,4,6,5,4,0,1,4,9,5,4,9,1,5,0,5,5,3,0,5,5,3,5,2,0,4,1,1,4,3,1,5,7,5,4,1,-1,-1,-1,-1,-1,-1,-1,-1,-1,-1,-1,-1,-1,-1,-1,-1,-1,-1,-1,-1,-1,-1,-1,-1,-1,-1,-1,-1,-1,-1,-1,-1,-1,-1,-1,-1,-1,-1,-1,-1,-1,-1,-1,-1,-1,4
b,79,Piano,Electric Guitar,i-v-VI-iv,5,4,6,0,4,4,0,5,3,4,4,0,1,4,1,2,4,7,4,4,0,1,5,2,5,4,5,6,5,0,5,5,3,5,4,3,7,5,2,0,5,1,4,4,2,1,4,6,0,5,1,6,4,2,7,4,1,2,4,3,3,5,4,3,5,4,4,4,0,0,4,5,3,4,3,1,4,3,7,5,3,3,4,0,7,4,2,3,4,2,7,5,5,-1,-1,-1,5
b,80,Clarinet,Acoustic Guitar,i-v-VI-iv,6,5,6,1,4,0,4,4,4,2,4,0,2,4,2,2,5,7,6,5,9,2,4,0,4,4,4,6,5,1,2,4,7,5,5,8,7,4,0,7,5,1,4,4,3,5,4,6,0,5,9,-1,-1,-1,-1,-1,-1,-1,-1,-1,-1,-1,-1,-1,-1,-1,-1,-1,-1,-1,-1,-1,-1,-1,-1,-1,-1,-1,-1,-1,-1,-1,-1,-1,-1,-1,-1,-1,-1,-1,-1,-1,-1,-1,-1,-1,2
C,120,Clarinet,Electric Guitar,I-ii-V-I,6,5,7,2,5,1,0,4,1,0,4,8,7,5,9,2,5,8,4,5,9,3,4,2,3,4,0,6,5,1,0,4,7,6,4,5,0,5,6,-1,-1,-1,-1,-1,-1,-1,-1,-1,-1,-1,-1,-1,-1,-1,-1,-1,-1,-1,-1,-1,-1,-1,-1,-1,-1,-1,-1,-1,-1,-1,-1,-1,-1,-1,-1,-1,-1,-1,-1,-1,-1,-1,-1,-1,-1,-1,-1,-1,-1,-1,-1,-1,-1,-1,-1,-1,1
c#,91,Clarinet,Piano,i-v-VI-iv,1,4,8,2,4,4,0,4,5,4,5,6,7,4,1,2,4,8,4,5,0,6,5,1,5,4,0,1,5,1,1,4,3,0,4,6,2,5,3,0,4,7,1,5,4,6,4,5,0,4,2,6,5,2,5,4,0,2,4,7,7,5,5,-1,-1,-1,-1,-1,-1,-1,-1,-1,-1,-1,-1,-1,-1,-1,-1,-1,-1,-1,-1,-1,-1,-1,-1,-1,-1,-1,-1,-1,-1,-1,-1,-1,2
c#,92,Piano,Piano,i-VI-iv-v,1,4,6,7,5,4,0,5,5,4,4,0,1,5,1,2,4,7,6,4,0,6,5,2,5,4,0,1,5,0,5,5,3,4,4,6,1,5,2,0,4,1,1,4,4,3,5,7,4,4,0,5,5,1,5,4,0,7,5,7,7,5,1,4,4,3,5,4,0,0,4,5,3,4,0,7,4,3,7,5,5,-1,-1,-1,-1,-1,-1,-1,-1,-1,-1,-1,-1,-1,-1,-1,5
D#,80,Piano,Electric Guitar,I-ii-V-I,6,4,6,1,4,1,6,4,4,4,4,0,1,5,1,2,4,7,4,4,9,1,5,1,3,4,4,3,5,0,2,4,3,5,5,2,7,4,0,0,4,1,4,4,3,1,4,7,5,4,1,4,5,2,7,4,1,2,4,3,7,4,5,4,5,6,4,4,0,7,4,2,3,4,0,7,4,6,-1,-1,-1,-1,-1,-1,-1,-1,-1,-1,-1,-1,-1,-1,-1,-1,-1,-1,4
b,120,Clarinet,Electric Guitar,i-v-VI-iv,6,5,6,1,4,6,4,4,4,0,4,9,7,4,1,2,5,8,3,4,9,1,4,1,3,4,5,6,5,1,1,4,7,5,4,3,7,4,0,7,5,1,4,4,4,1,4,6,-1,-1,-1,-1,-1,-1,-1,-1,-1,-1,-1,-1,-1,-1,-1,-1,-1,-1,-1,-1,-1,-1,-1,-1,-1,-1,-1,-1,-1,-1,-1,-1,-1,-1,-1,-1,-1,-1,-1,-1,-1,-1,-1,-1,-1,-1,-1,-1,2
d,120,Clarinet,Electric Guitar,i-iv-VII-III,6,4,7,2,4,1,4,4,1,2,5,9,7,4,9,2,4,8,6,5,9,3,4,2,4,4,0,5,5,1,1,4,6,6,4,8,-1,-1,-1,-1,-1,-1,-1,-1,-1,-1,-1,-1,-1,-1,-1,-1,-1,-1,-1,-1,-1,-1,-1,-1,-1,-1,-1,-1,-1,-1,-1,-1,-1,-1,-1,-1,-1,-1,-1,-1,-1,-1,-1,-1,-1,-1,-1,-1,-1,-1,-1,-1,-1,-1,-1,-1,-1,-1,-1,-1,1
c#,120,Clarinet,Electric Guitar,i-VI-iv-v,0,4,8,2,5,1,0,4,5,4,4,9,6,4,9,2,4,1,6,4,0,3,5,2,4,4,9,6,5,1,1,4,3,4,5,5,0,5,2,0,4,7,-1,-1,-1,-1,-1,-1,-1,-1,-1,-1,-1,-1,-1,-1,-1,-1,-1,-1,-1,-1,-1,-1,-1,-1,-1,-1,-1,-1,-1,-1,-1,-1,-1,-1,-1,-1,-1,-1,-1,-1,-1,-1,-1,-1,-1,-1,-1,-1,-1,-1,-1,-1,-1,-1,1
d,92,Piano,Electric Guitar,i-VI-iv-v,1,4,8,7,5,4,0,5,5,4,4,0,1,5,0,2,4,1,6,4,0,5,5,9,4,4,9,3,5,0,5,5,3,5,5,5,3,5,2,0,4,1,1,4,4,1,5,7,5,4,1,5,5,2,5,4,0,-1,-1,-1,-1,-1,-1,-1,-1,-1,-1,-1,-1,-1,-1,-1,-1,-1,-1,-1,-1,-1,-1,-1,-1,-1,-1,-1,-1,-1,-1,-1,-1,-1,-1,-1,-1,-1,-1,-1,4
b,80,Piano,Electric Guitar,i-v-VI-iv,5,4,6,0,4,1,0,5,4,4,4,0,0,4,1,2,4,7,3,4,0,1,5,1,5,4,0,3,5,0,2,4,3,5,4,3,1,4,0,0,5,0,3,4,3,1,5,5,5,5,9,5,4,2,3,4,2,2,4,3,6,4,5,3,5,6,4,4,0,0,4,2,3,4,0,7,4,6,-1,-1,-1,-1,-1,-1,-1,-1,-1,-1,-1,-1,-1,-1,-1,-1,-1,-1,4
C,120,Electric Guitar,Acoustic Guitar,I-ii-V-I,6,5,7,2,5,1,4,4,2,0,4,9,7,4,8,2,5,7,6,4,9,1,4,7,4,4,5,6,5,0,2,4,7,-1,-1,-1,-1,-1,-1,-1,-1,-1,-1,-1,-1,-1,-1,-1,-1,-1,-1,-1,-1,-1,-1,-1,-1,-1,-1,-1,-1,-1,-1,-1,-1,-1,-1,-1,-1,-1,-1,-1,-1,-1,-1,-1,-1,-1,-1,-1,-1,-1,-1,-1,-1,-1,-1,-1,-1,-1,-1,-1,-1,-1,-1,-1,1
D,120,Clarinet,Electric Guitar,I-ii-V-I,6,4,7,2,4,1,0,4,5,2,4,9,6,5,9,2,5,8,4,5,8,2,4,6,3,4,0,6,5,1,1,4,7,6,4,8,-1,-1,-1,-1,-1,-1,-1,-1,-1,-1,-1,-1,-1,-1,-1,-1,-1,-1,-1,-1,-1,-1,-1,-1,-1,-1,-1,-1,-1,-1,-1,-1,-1,-1,-1,-1,-1,-1,-1,-1,-1,-1,-1,-1,-1,-1,-1,-1,-1,-1,-1,-1,-1,-1,-1,-1,-1,-1,-1,-1,1
d,92,Piano,Piano,i-v-VI-iv,1,4,7,2,5,3,3,4,5,4,5,6,7,4,9,2,4,8,5,4,9,3,4,9,4,4,8,-1,-1,-1,-1,-1,-1,-1,-1,-1,-1,-1,-1,-1,-1,-1,-1,-1,-1,-1,-1,-1,-1,-1,-1,-1,-1,-1,-1,-1,-1,-1,-1,-1,-1,-1,-1,-1,-1,-1,-1,-1,-1,-1,-1,-1,-1,-1,-1,-1,-1,-1,-1,-1,-1,-1,-1,-1,-1,-1,-1,-1,-1,-1,-1,-1,-1,-1,-1,-1,3
D#,92,Piano,Electric Guitar,I-vi-ii-V,1,4,6,1,5,4,2,5,5,4,5,0,1,5,1,1,4,6,6,4,0,6,5,2,5,4,0,1,4,0,5,5,2,5,5,6,3,4,2,0,4,1,1,4,3,3,5,7,5,4,1,0,5,2,3,4,2,7,4,5,6,5,1,4,4,4,5,4,0,0,4,5,3,4,2,6,4,2,6,5,6,0,4,0,-1,-1,-1,-1,-1,-1,-1,-1,-1,-1,-1,-1,4
b,80,Piano,Electric Guitar,i-v-VI-iv,5,5,5,0,4,1,0,4,3,1,4,0,2,5,2,2,4,7,3,4,0,1,5,2,5,4,0,2,5,0,5,5,6,5,5,3,1,4,2,1,5,1,1,4,3,1,5,7,0,4,1,5,5,7,7,4,2,2,4,6,7,5,5,3,5,4,4,4,0,0,4,5,3,4,3,-1,-1,-1,-1,-1,-1,-1,-1,-1,-1,-1,-1,-1,-1,-1,-1,-1,-1,-1,-1,-1,4
d,120,Clarinet,Electric Guitar,i-v-VI-iv,6,4,6,2,4,6,4,4,5,0,5,8,7,4,9,2,4,8,4,5,8,2,4,1,3,4,4,5,5,1,1,4,7,4,4,8,-1,-1,-1,-1,-1,-1,-1,-1,-1,-1,-1,-1,-1,-1,-1,-1,-1,-1,-1,-1,-1,-1,-1,-1,-1,-1,-1,-1,-1,-1,-1,-1,-1,-1,-1,-1,-1,-1,-1,-1,-1,-1,-1,-1,-1,-1,-1,-1,-1,-1,-1,-1,-1,-1,-1,-1,-1,-1,-1,-1,2
D#,92,Piano,Acoustic Guitar,I-vi-ii-V,1,4,8,1,5,4,0,4,5,4,4,0,1,5,0,2,4,6,5,4,0,1,4,9,5,4,9,1,5,0,5,5,3,0,5,5,3,5,2,0,4,1,1,4,3,1,5,7,5,4,1,-1,-1,-1,-1,-1,-1,-1,-1,-1,-1,-1,-1,-1,-1,-1,-1,-1,-1,-1,-1,-1,-1,-1,-1,-1,-1,-1,-1,-1,-1,-1,-1,-1,-1,-1,-1,-1,-1,-1,-1,-1,-1,-1,-1,-1,3
b,79,Piano,Electric Guitar,i-v-VI-iv,5,4,6,0,4,4,0,5,3,4,4,0,1,4,1,2,4,7,4,4,0,1,5,2,5,4,5,6,5,0,5,5,3,5,4,3,7,5,2,0,5,1,4,4,2,1,4,6,0,5,1,6,4,2,7,4,1,2,4,3,3,5,4,3,5,4,4,4,0,0,4,5,3,4,3,1,4,3,7,5,3,3,4,0,7,4,2,3,4,2,7,5,5,-1,-1,-1,3
b,80,Clarinet,Acoustic Guitar,i-v-VI-iv,6,5,6,1,4,0,4,4,4,2,4,0,2,4,2,2,5,7,6,5,9,2,4,0,4,4,4,6,5,1,2,4,7,5,5,8,7,4,0,7,5,1,4,4,3,5,4,6,0,5,9,-1,-1,-1,-1,-1,-1,-1,-1,-1,-1,-1,-1,-1,-1,-1,-1,-1,-1,-1,-1,-1,-1,-1,-1,-1,-1,-1,-1,-1,-1,-1,-1,-1,-1,-1,-1,-1,-1,-1,-1,-1,-1,-1,-1,-1,2
C,120,Clarinet,Electric Guitar,I-ii-V-I,6,5,7,2,5,1,0,4,1,0,4,8,7,5,9,2,5,8,4,5,9,3,4,2,3,4,0,6,5,1,0,4,7,6,4,5,0,5,6,-1,-1,-1,-1,-1,-1,-1,-1,-1,-1,-1,-1,-1,-1,-1,-1,-1,-1,-1,-1,-1,-1,-1,-1,-1,-1,-1,-1,-1,-1,-1,-1,-1,-1,-1,-1,-1,-1,-1,-1,-1,-1,-1,-1,-1,-1,-1,-1,-1,-1,-1,-1,-1,-1,-1,-1,-1,1
c#,91,Clarinet,Piano,i-v-VI-iv,1,4,8,2,4,4,0,4,5,4,5,6,7,4,1,2,4,8,4,5,0,6,5,1,5,4,0,1,5,1,1,4,3,0,4,6,2,5,3,0,4,7,1,5,4,6,4,5,0,4,2,6,5,2,5,4,0,2,4,7,7,5,5,-1,-1,-1,-1,-1,-1,-1,-1,-1,-1,-1,-1,-1,-1,-1,-1,-1,-1,-1,-1,-1,-1,-1,-1,-1,-1,-1,-1,-1,-1,-1,-1,-1,2
D#,80,Piano,Electric Guitar,I-ii-V-I,6,4,6,1,4,1,6,4,4,4,4,0,1,5,1,2,4,7,4,4,9,1,5,1,3,4,4,3,5,0,2,4,3,5,5,2,7,4,0,0,4,1,4,4,3,1,4,7,5,4,1,4,5,2,7,4,1,2,4,3,7,4,5,4,5,6,4,4,0,7,4,2,3,4,0,7,4,6,-1,-1,-1,-1,-1,-1,-1,-1,-1,-1,-1,-1,-1,-1,-1,-1,-1,-1,3
b,120,Clarinet,Electric Guitar,i-v-VI-iv,6,5,6,1,4,6,4,4,4,0,4,9,7,4,1,2,5,8,3,4,9,1,4,1,3,4,5,6,5,1,1,4,7,5,4,3,7,4,0,7,5,1,4,4,4,1,4,6,-1,-1,-1,-1,-1,-1,-1,-1,-1,-1,-1,-1,-1,-1,-1,-1,-1,-1,-1,-1,-1,-1,-1,-1,-1,-1,-1,-1,-1,-1,-1,-1,-1,-1,-1,-1,-1,-1,-1,-1,-1,-1,-1,-1,-1,-1,-1,-1,2
d,120,Clarinet,Electric Guitar,i-iv-VII-III,6,4,7,2,4,1,4,4,1,2,5,9,7,4,9,2,4,8,6,5,9,3,4,2,4,4,0,5,5,1,1,4,6,6,4,8,-1,-1,-1,-1,-1,-1,-1,-1,-1,-1,-1,-1,-1,-1,-1,-1,-1,-1,-1,-1,-1,-1,-1,-1,-1,-1,-1,-1,-1,-1,-1,-1,-1,-1,-1,-1,-1,-1,-1,-1,-1,-1,-1,-1,-1,-1,-1,-1,-1,-1,-1,-1,-1,-1,-1,-1,-1,-1,-1,-1,1
c#,120,Clarinet,Electric Guitar,i-VI-iv-v,0,4,8,2,5,1,0,4,5,4,4,9,6,4,9,2,4,1,6,4,0,3,5,2,4,4,9,6,5,1,1,4,3,4,5,5,0,5,2,0,4,7,-1,-1,-1,-1,-1,-1,-1,-1,-1,-1,-1,-1,-1,-1,-1,-1,-1,-1,-1,-1,-1,-1,-1,-1,-1,-1,-1,-1,-1,-1,-1,-1,-1,-1,-1,-1,-1,-1,-1,-1,-1,-1,-1,-1,-1,-1,-1,-1,-1,-1,-1,-1,-1,-1,1
d,92,Piano,Electric Guitar,i-VI-iv-v,1,4,8,7,5,4,0,5,5,4,4,0,1,5,0,2,4,1,6,4,0,5,5,9,4,4,9,3,5,0,5,5,3,5,5,5,3,5,2,0,4,1,1,4,4,1,5,7,5,4,1,5,5,2,5,4,0,-1,-1,-1,-1,-1,-1,-1,-1,-1,-1,-1,-1,-1,-1,-1,-1,-1,-1,-1,-1,-1,-1,-1,-1,-1,-1,-1,-1,-1,-1,-1,-1,-1,-1,-1,-1,-1,-1,-1,3
C,120,Electric Guitar,Acoustic Guitar,I-ii-V-I,6,5,7,2,5,1,4,4,2,0,4,9,7,4,8,2,5,7,6,4,9,1,4,7,4,4,5,6,5,0,2,4,7,-1,-1,-1,-1,-1,-1,-1,-1,-1,-1,-1,-1,-1,-1,-1,-1,-1,-1,-1,-1,-1,-1,-1,-1,-1,-1,-1,-1,-1,-1,-1,-1,-1,-1,-1,-1,-1,-1,-1,-1,-1,-1,-1,-1,-1,-1,-1,-1,-1,-1,-1,-1,-1,-1,-1,-1,-1,-1,-1,-1,-1,-1,-1,1
D,120,Clarinet,Electric Guitar,I-ii-V-I,6,4,7,2,4,1,0,4,5,2,4,9,6,5,9,2,5,8,4,5,8,2,4,6,3,4,0,6,5,1,1,4,7,6,4,8,-1,-1,-1,-1,-1,-1,-1,-1,-1,-1,-1,-1,-1,-1,-1,-1,-1,-1,-1,-1,-1,-1,-1,-1,-1,-1,-1,-1,-1,-1,-1,-1,-1,-1,-1,-1,-1,-1,-1,-1,-1,-1,-1,-1,-1,-1,-1,-1,-1,-1,-1,-1,-1,-1,-1,-1,-1,-1,-1,-1,1
d,92,Piano,Piano,i-v-VI-iv,1,4,7,2,5,3,3,4,5,4,5,6,7,4,9,2,4,8,5,4,9,3,4,9,4,4,8,-1,-1,-1,-1,-1,-1,-1,-1,-1,-1,-1,-1,-1,-1,-1,-1,-1,-1,-1,-1,-1,-1,-1,-1,-1,-1,-1,-1,-1,-1,-1,-1,-1,-1,-1,-1,-1,-1,-1,-1,-1,-1,-1,-1,-1,-1,-1,-1,-1,-1,-1,-1,-1,-1,-1,-1,-1,-1,-1,-1,-1,-1,-1,-1,-1,-1,-1,-1,-1,4
D#,92,Piano,Electric Guitar,I-vi-ii-V,1,4,6,1,5,4,2,5,5,4,5,0,1,5,1,1,4,6,6,4,0,6,5,2,5,4,0,1,4,0,5,5,2,5,5,6,3,4,2,0,4,1,1,4,3,3,5,7,5,4,1,0,5,2,3,4,2,7,4,5,6,5,1,4,4,4,5,4,0,0,4,5,3,4,2,6,4,2,6,5,6,0,4,0,-1,-1,-1,-1,-1,-1,-1,-1,-1,-1,-1,-1,5
b,80,Piano,Electric Guitar,i-v-VI-iv,5,5,5,0,4,1,0,4,3,1,4,0,2,5,2,2,4,7,3,4,0,1,5,2,5,4,0,2,5,0,5,5,6,5,5,3,1,4,2,1,5,1,1,4,3,1,5,7,0,4,1,5,5,7,7,4,2,2,4,6,7,5,5,3,5,4,4,4,0,0,4,5,3,4,3,-1,-1,-1,-1,-1,-1,-1,-1,-1,-1,-1,-1,-1,-1,-1,-1,-1,-1,-1,-1,-1,4
c#,107,Piano,Organ,i-VI-III-VII,5,5,5,2,4,0,4,4,1,1,4,5,0,4,2,1,5,7,6,4,0,1,4,2,1,4,4,5,4,6,3,4,7,5,4,4,4,4,0,4,4,0,2,4,4,3,4,4,6,4,6,0,4,0,5,4,0,4,4,7,6,4,0,3,4,1,6,4,1,0,4,5,1,4,0,5,4,4,2,4,3,-1,-1,-1,-1,-1,-1,-1,-1,-1,-1,-1,-1,-1,-1,-1,4
D#,90,Piano,Piano,I-vi-ii-V,1,4,0,1,4,5,0,5,3,4,4,5,1,5,6,6,4,5,4,4,3,4,5,3,3,4,5,0,4,1,6,4,0,6,5,2,4,4,0,3,4,1,6,4,5,3,5,6,5,4,3,7,4,4,5,4,0,1,4,6,5,4,5,1,4,0,5,4,5,3,4,3,2,4,2,6,4,7,-1,-1,-1,-1,-1,-1,-1,-1,-1,-1,-1,-1,-1,-1,-1,-1,-1,-1,4
c#,97,Electric Guitar,Organ,i-iio-v-i,7,5,0,2,4,7,7,4,2,3,4,1,5,5,3,7,5,6,1,4,5,4,4,7,1,4,8,1,5,1,6,4,3,5,4,2,6,5,7,3,5,3,6,4,5,2,4,7,2,4,0,0,4,0,3,5,0,7,5,2,0,4,1,1,4,0,-1,-1,-1,-1,-1,-1,-1,-1,-1,-1,-1,-1,-1,-1,-1,-1,-1,-1,-1,-1,-1,-1,-1,-1,-1,-1,-1,-1,-1,-1,3
A,99,Piano,Piano,I-vi-ii-V,6,4,0,1,4,7,1,4,2,0,4,7,1,4,1,1,4,4,0,4,0,0,4,5,5,5,2,2,4,0,3,4,6,4,5,3,3,4,5,0,4,3,2,5,6,1,4,3,2,4,2,3,4,2,6,4,0,3,4,6,0,4,3,3,4,7,2,4,0,0,4,2,-1,-1,-1,-1,-1,-1,-1,-1,-1,-1,-1,-1,-1,-1,-1,-1,-1,-1,-1,-1,-1,-1,-1,-1,4
A#,108,Piano,Piano,I-vi-ii-V,3,4,5,1,4,0,5,4,3,0,4,3,3,4,1,3,4,5,1,4,0,4,4,7,2,4,0,6,4,1,1,4,3,1,4,4,2,4,4,6,5,3,1,4,4,3,4,0,2,4,2,2,5,2,0,5,3,3,4,3,5,5,4,4,4,6,0,4,2,4,4,4,0,4,6,2,4,2,0,4,2,0,5,0,1,4,1,0,4,2,-1,-1,-1,-1,-1,-1,4
